用户名,粉丝数量,视频数量,用户简介,主页链接
说影,3,3,人生是一场永不落幕的演出，我们每一个人都是演员，只不过，有的人顺从自己，有的人取悦观众。,//space.bilibili.com/349885479
椒盐说影,75.8万,327,bilibili知名影视UP主,//space.bilibili.com/669154966
薯条说影,46.8万,360,bilibili知名影视UP主,//space.bilibili.com/669156396
逗米说影剧,11.1万,290,bilibili知名影视UP主,//space.bilibili.com/20325715
向荣说影视,1.6万,313,向荣影视官方账号,//space.bilibili.com/1759114616
木易说影视,5105,107,影视视频UP主,//space.bilibili.com/37840996
胖哥说影,5022,1143,胖哥速影官方账号,//space.bilibili.com/3546796756305964
小峰说影,1612,283,小峰说影官方账号,//space.bilibili.com/1021306114
元宝说影,150,41,元宝说影官方账号,//space.bilibili.com/1350778574
犯叔说影,9.7万,1306,创作不易多多支持！拜谢拜谢！您的支持就是俺滴动力！,//space.bilibili.com/670364288
空山说影,8.3万,77,各种电影都会讲～商务：ylx2368372308（请注明品牌来意）,//space.bilibili.com/186589609
小飞說影,6.5万,102,所有视频更新一剪到底,//space.bilibili.com/667129962
老酒说影视,4.9万,437,复古区影视剧解说UP，喜欢视频的小伙伴点个关注不迷路哦。,//space.bilibili.com/478483822
淘猫说影,3.8万,1590,一部电影一个故事总有一个故事能拨动你的心弦﹉﹉﹉﹉﹉﹉﹉﹉﹉﹉﹉﹉﹉﹉,//space.bilibili.com/1299171073
枫叶说影,3.3万,980,新生影视区UP主，关注我分享更多精彩电影解说。,//space.bilibili.com/1057132585
小川说影,2.9万,915,一心一意，万事可成，当下即圆满,//space.bilibili.com/3546631576226417
熊熊说影视,2.5万,380,仰望星空，同舟共济,//space.bilibili.com/435790790
过客说影视,2.4万,176,原过往，改名过客（小号）所有作品均为原创，如有雷同肯定抄袭（哈哈哈...开个玩笑），感谢您的支持与喜欢现在关注我你就是老粉啦！爱你❤～,//space.bilibili.com/70626908
说影行者,2.4万,985,影视解说区UP,//space.bilibili.com/587958547
八卦说影,2.4万,1463,家人们~关注阿婆主，每月的互动榜和观看榜会送一个月大会员~感谢支持[胜利],//space.bilibili.com/1605652259
金采采说影视,2.3万,766,专注最新影视剧解说，聚焦恐怖悬疑动作,//space.bilibili.com/1600202232
大文说影视,2.1万,938,一个用心瞎扯淡的家伙，总是纠结于播放量与质量之间！,//space.bilibili.com/486906900
丶里昂说影,2.1万,966,戏如人生,//space.bilibili.com/1169463550
丁说影视,1.9万,18,这天，做导演的发小喊我过去，我满以为能给个演员副导演干干，结果却让我客串个模特公司老板，我这挥之不去的气质呀…,//space.bilibili.com/477553435
亿众说影,1.9万,1033,电影花絮，电影人物，电影趣事带你了解更多精彩的幕后故事,//space.bilibili.com/668474804
老爹说影视,1.6万,115,,//space.bilibili.com/173470868
噗噗说影,1.6万,567,关注我不迷路！希望我的视频能给你带来快乐，感谢大家的支持！！（侵权删）！,//space.bilibili.com/562983538
路飞说影视,1.5万,2658,,//space.bilibili.com/226841706
知墨说影,1.5万,146,军事武器|全球猎奇,//space.bilibili.com/419494650
晗晗说影视,1.4万,13,欢迎大家的喜欢和支持,//space.bilibili.com/3546383124531501
蜜桃已熟说影视,1.4万,659,传递正能量每天更新新优质作品，感谢关注点赞、收藏+关注，以后不迷路,//space.bilibili.com/3493289634302069
涛叨说影视,1.3万,487,,//space.bilibili.com/1135864980
趣味说影,1.2万,920,专注趣味电影解说！观看动物世界！感谢关注与观看，好的作品永远都是下一部！,//space.bilibili.com/1638963369
明天说影视,1.2万,220,用心做好好每一个作品,//space.bilibili.com/1582851211
强哥说影视,1.1万,359,TOP网剧导演奥组委、文促会、联合国教科文组织合作纪录片导演强哥授权剪辑@强哥本人号,//space.bilibili.com/3546824862337477
小游说影星,1.1万,51,吾辈当自强，勿忘国耻！,//space.bilibili.com/389921624
亿众说影,1.9万,1033,电影花絮，电影人物，电影趣事带你了解更多精彩的幕后故事,//space.bilibili.com/668474804
老爹说影视,1.6万,115,,//space.bilibili.com/173470868
噗噗说影,1.6万,567,关注我不迷路！希望我的视频能给你带来快乐，感谢大家的支持！！（侵权删）！,//space.bilibili.com/562983538
路飞说影视,1.5万,2658,,//space.bilibili.com/226841706
知墨说影,1.5万,146,军事武器|全球猎奇,//space.bilibili.com/419494650
晗晗说影视,1.4万,13,欢迎大家的喜欢和支持,//space.bilibili.com/3546383124531501
蜜桃已熟说影视,1.4万,659,传递正能量每天更新新优质作品，感谢关注点赞、收藏+关注，以后不迷路,//space.bilibili.com/3493289634302069
涛叨说影视,1.3万,487,,//space.bilibili.com/1135864980
趣味说影,1.2万,920,专注趣味电影解说！观看动物世界！感谢关注与观看，好的作品永远都是下一部！,//space.bilibili.com/1638963369
明天说影视,1.2万,220,用心做好好每一个作品,//space.bilibili.com/1582851211
强哥说影视,1.1万,359,TOP网剧导演奥组委、文促会、联合国教科文组织合作纪录片导演强哥授权剪辑@强哥本人号,//space.bilibili.com/3546824862337477
小游说影星,1.1万,51,吾辈当自强，勿忘国耻！,//space.bilibili.com/389921624
正说影视厅,1.1万,106,火热大剧，小众佳作，共同畅享影视之美,//space.bilibili.com/3546387161549481
一土说影,1.0万,131,,//space.bilibili.com/3493282713700738
暗香说影,9794,225,好好做视频……,//space.bilibili.com/417092469
沐唐说影,9613,455,,//space.bilibili.com/3493087212997111
大龙鱼说影,9394,334,,//space.bilibili.com/1250713635
玲珑说影,9231,207,,//space.bilibili.com/3493080307075094
晴天说影,9091,92,,//space.bilibili.com/3493081227725631
小缘说影1,8866,705,你想要的时间都会给你，明天会更好,//space.bilibili.com/3493115816053555
阿楚说影剧,8561,352,热衷于影视剧解说，认真解读每一部剧，带你领略剧中精彩剧情，每天都会更新，这里是华秦影视！,//space.bilibili.com/450455737
塞尔达传说影业,8464,19,大学生，季更，渴望拥有万粉的新人UP一枚,//space.bilibili.com/543901691
金乐说影,8368,826,同样的电影，不同的解读。一起感受电影的魅力。,//space.bilibili.com/1930307356
云淡风轻说影视,8317,1740,,//space.bilibili.com/618332263
七哥说影,8143,10,一起看电影，电影一起看，谢谢官方,//space.bilibili.com/3546702818577279
斯人说影,8139,12,剪点喜欢的,//space.bilibili.com/1200826649
猫爸说影,8112,186,主页都是美女剪辑，喜欢的朋友给个关注人生自有命,//space.bilibili.com/1975522349
星空说影,8091,618,,//space.bilibili.com/1443899482
深蓝说影,7815,929,一部电影|一个故事感恩遇见|感谢有你,//space.bilibili.com/3494367660608176
晓义说影娱,7337,551,闷声大发财。,//space.bilibili.com/1814609010
神鹰说影视,7112,151,,//space.bilibili.com/2022192619
阿柒说影,7100,457,风格不定每一帧都是热爱?如果有你喜欢的电影就关注我吧,//space.bilibili.com/3546852156770311
糖豆说影视,6716,38,专注于深度解说，让故事里的事，不只是故事！,//space.bilibili.com/594987220
小龍说影视,6713,951,我与往事归于尽，来年依旧迎花开！,//space.bilibili.com/318546033
散说影视,6642,168,用计算机的思维走进0和1的世界,//space.bilibili.com/1192272131
锦鲤说影,6455,1,,//space.bilibili.com/608153650
七哥说影,8143,10,一起看电影，电影一起看，谢谢官方,//space.bilibili.com/3546702818577279
斯人说影,8139,12,剪点喜欢的,//space.bilibili.com/1200826649
猫爸说影,8112,186,主页都是美女剪辑，喜欢的朋友给个关注人生自有命,//space.bilibili.com/1975522349
星空说影,8091,618,,//space.bilibili.com/1443899482
深蓝说影,7815,929,一部电影|一个故事感恩遇见|感谢有你,//space.bilibili.com/3494367660608176
晓义说影娱,7337,551,闷声大发财。,//space.bilibili.com/1814609010
神鹰说影视,7112,151,,//space.bilibili.com/2022192619
阿柒说影,7100,457,风格不定每一帧都是热爱?如果有你喜欢的电影就关注我吧,//space.bilibili.com/3546852156770311
糖豆说影视,6716,38,专注于深度解说，让故事里的事，不只是故事！,//space.bilibili.com/594987220
小龍说影视,6713,951,我与往事归于尽，来年依旧迎花开！,//space.bilibili.com/318546033
散说影视,6642,168,用计算机的思维走进0和1的世界,//space.bilibili.com/1192272131
锦鲤说影,6455,1,,//space.bilibili.com/608153650
阿永说影视,6300,2496,分享更多精彩视频片段片段片段，剧名评论区可见，感谢大家关注点赞与支撑,//space.bilibili.com/1140889293
奇弹说影,5834,59,王莽谦恭未篡时,//space.bilibili.com/1511231868
舟康说影视,5800,350,陪你一起看电影,//space.bilibili.com/521383650
云歌说影,5664,494,每天更新有趣的电影幕后故事,//space.bilibili.com/418208152
放歌说影,5620,242,欧洲极品重低音，伊泰洛动感纯音，荷东猛士金曲,//space.bilibili.com/1664792532
肖央说影视,5392,131,爱影视，爱生活！专注原创影视解说，带给你不一样的观影感受。,//space.bilibili.com/487192558
毒说影视,5015,160,探索无限可能，与电影共创奇迹！,//space.bilibili.com/178790553
晴天说影视,4965,1479,,//space.bilibili.com/3537112538286972
瓜哥趣说影,4500,1828,,//space.bilibili.com/1975908331
阿风说影视,4343,315,推理、解读、预测剧情！,//space.bilibili.com/668569752
菜鸡解说影视,4266,284,持续更新最新影视，每天一部电影，总有一部适合你，想看原片可私信,//space.bilibili.com/3546766968359597
时说影漫,4126,130,分享最新影视，解说好看好剧?类型:科幻、漫威、DC、短片。创作不易，你的点赞+关注是我更新的动力?,//space.bilibili.com/24383161
夏夏说影,3923,253,互赞互粉必回奥,//space.bilibili.com/1158082826
渔鸥说影,3903,1283,记住我！,//space.bilibili.com/1519795074
柒梦说影,3730,296,关注我看更多精彩内容,//space.bilibili.com/1898286645
朴姐说影,3723,66,专注日剧韩剧,//space.bilibili.com/490189397
旋风说影,3702,516,用心解读每一部电影,//space.bilibili.com/521684699
听风说影视,3640,391,看百部电影品百味人生,//space.bilibili.com/1080055745
老李说影视666,3622,321,,//space.bilibili.com/3493139142674778
崔判官说影,3584,33,谢谢大家的关注,//space.bilibili.com/3493083689781683
西门庆说影视,3317,377,各位客官里面坐！这里有怪兽、异形、外星人、僵尸、丧尸、鬼等等，请问你想吃哪一个？,//space.bilibili.com/17675257
阿部说影,3288,46,超良心up，关注一波吧！,//space.bilibili.com/627146180
白泽说影,3223,221,如果你对这个世界有太多的抱怨请你打开电视看看多少人为生命在努力勇敢的走下去我们是不是该知足,//space.bilibili.com/1280349812
雅宝说影,3217,17,,//space.bilibili.com/3493265187802030
夏夏说影,3923,253,互赞互粉必回奥,//space.bilibili.com/1158082826
渔鸥说影,3903,1283,记住我！,//space.bilibili.com/1519795074
柒梦说影,3730,296,关注我看更多精彩内容,//space.bilibili.com/1898286645
朴姐说影,3723,66,专注日剧韩剧,//space.bilibili.com/490189397
旋风说影,3702,516,用心解读每一部电影,//space.bilibili.com/521684699
听风说影视,3640,391,看百部电影品百味人生,//space.bilibili.com/1080055745
老李说影视666,3622,321,,//space.bilibili.com/3493139142674778
崔判官说影,3584,33,谢谢大家的关注,//space.bilibili.com/3493083689781683
西门庆说影视,3317,377,各位客官里面坐！这里有怪兽、异形、外星人、僵尸、丧尸、鬼等等，请问你想吃哪一个？,//space.bilibili.com/17675257
阿部说影,3288,46,超良心up，关注一波吧！,//space.bilibili.com/627146180
白泽说影,3223,221,如果你对这个世界有太多的抱怨请你打开电视看看多少人为生命在努力勇敢的走下去我们是不是该知足,//space.bilibili.com/1280349812
雅宝说影,3217,17,,//space.bilibili.com/3493265187802030
晨曦说影视,3206,447,影视是人类最伟大的造梦机器！,//space.bilibili.com/1338142374
橙橙解说影音,3137,226,评论区告诉我想看什么吧！！！合集，片段，整剧希望大家三连支持一下吧！！！❤️❤️❤️你们就是我日更最大的动力。,//space.bilibili.com/3493125437786707
漫步爱说影t,3096,58,感谢关注！学习，交流请私信。,//space.bilibili.com/3493077897447614
灵动说影,3086,921,人生就像一部电影，我们都在其中放映着,//space.bilibili.com/1565190171
老钟说影,3020,48,说电影，我是认真的！,//space.bilibili.com/1110492001
旭说影视,3015,88,,//space.bilibili.com/327691002
今日说影,2994,337,生活就像是电影要么平凡优雅要么精彩不可一世蝎子侃电影感谢您的支持和关注,//space.bilibili.com/1376575566
木易说影视x,2961,74,未开通激励盈利随便发兴趣爱好如有侵权联删,//space.bilibili.com/3546873600149849
白鹤说影,2957,891,每天为各位大哥大姐，分享最清晰最有意思的电影。,//space.bilibili.com/1574515066
扬扬说影视,2816,68,热爱动漫，喜欢剪辑动漫的新萌UP主关注我，带你用全新视角看动漫。尊重版权，尊重原创，如有侵权，请联系删除。,//space.bilibili.com/492030809
晓剑说影,2782,634,商务合作：tlweixin003,//space.bilibili.com/1207453653
大鱼说影视,2777,42,发觉入灵魂的精美故事品味真性情的奇幻人生,//space.bilibili.com/25279099
陈同学说影,2681,1112,三餐四季，一言难尽，不能自愈，让电影的力量治愈你。关注我，这里是陈同学的情感码头商务合作，请联系参与我的剪辑，授人以渔。,//space.bilibili.com/645943827
毅说影视,2672,392,每天一个“奇葩”小电影！一起快乐就完事了。记得点点小关注,//space.bilibili.com/3461571558770880
胖达说影视,2656,82,解说经典电视剧,//space.bilibili.com/81424863
猎奇说影啊,2617,136,认真讲好每一个故事，品味百态人生，共享光影魅力！,//space.bilibili.com/1796644024
哇塞说影剧,2613,100,看哇塞的影剧，有哇塞的心情,//space.bilibili.com/1786139415
上路说影,2580,122,每日一分钟，轻松了解汽车。汽车有问题，糖果为你解答。,//space.bilibili.com/1450891936
大仙说影,2571,173,复刻合作➕lxzd007橱窗有好物,//space.bilibili.com/3493278064314926
浏佰说影视,2562,182,用心讲好故事。喜欢请关注点赞投币哦。日更,//space.bilibili.com/3546568791689255
夜半说影,2544,661,人生如戏，好电影就是一部精彩的戏！,//space.bilibili.com/290520422
能能说影剧,2509,160,《1000部》剧情片来袭～因为是日更~所以分段解说~想看下一集的~劳驾去主页合集里看~感谢支持~,//space.bilibili.com/1370127327
九叔说影,2502,666,,//space.bilibili.com/1625688194
9度说影视,2474,90,专注影视解说,//space.bilibili.com/1195153045
陈同学说影,2681,1112,三餐四季，一言难尽，不能自愈，让电影的力量治愈你。关注我，这里是陈同学的情感码头商务合作，请联系参与我的剪辑，授人以渔。,//space.bilibili.com/645943827
毅说影视,2672,392,每天一个“奇葩”小电影！一起快乐就完事了。记得点点小关注,//space.bilibili.com/3461571558770880
胖达说影视,2656,82,解说经典电视剧,//space.bilibili.com/81424863
猎奇说影啊,2617,136,认真讲好每一个故事，品味百态人生，共享光影魅力！,//space.bilibili.com/1796644024
哇塞说影剧,2613,100,看哇塞的影剧，有哇塞的心情,//space.bilibili.com/1786139415
上路说影,2580,122,每日一分钟，轻松了解汽车。汽车有问题，糖果为你解答。,//space.bilibili.com/1450891936
大仙说影,2571,173,复刻合作➕lxzd007橱窗有好物,//space.bilibili.com/3493278064314926
浏佰说影视,2562,182,用心讲好故事。喜欢请关注点赞投币哦。日更,//space.bilibili.com/3546568791689255
夜半说影,2544,661,人生如戏，好电影就是一部精彩的戏！,//space.bilibili.com/290520422
能能说影剧,2509,160,《1000部》剧情片来袭～因为是日更~所以分段解说~想看下一集的~劳驾去主页合集里看~感谢支持~,//space.bilibili.com/1370127327
九叔说影,2502,666,,//space.bilibili.com/1625688194
9度说影视,2474,90,专注影视解说,//space.bilibili.com/1195153045
可乐说影a,2456,397,“不是每一次努力都有收获但每一次收获都必须努力”,//space.bilibili.com/323062969
小哥说影,2449,1746,,//space.bilibili.com/1505838627
卡线磁带-说影视,2446,1140,一个超喜欢恐怖片，但又超害怕恐怖片的人。,//space.bilibili.com/403094973
若木鱼说影,2419,13,主打恐怖惊悚，专治失眠多梦，喜欢的宝子点个关注吧,//space.bilibili.com/3546823075563541
奇熊说影,2361,529,,//space.bilibili.com/474083209
王歌说影,2322,66,专注影视类解说多谢大家得关注,//space.bilibili.com/671644208
众说影视,2311,269,历史专业出身，历史影视爱好者。感谢关注，带你重温那段让人无法忘怀的抗战岁月。,//space.bilibili.com/3493265217161423
小影解说影视,2310,1907,用心解读每一部电影,//space.bilibili.com/3461572452158010
竹子说影视,2306,47,,//space.bilibili.com/1956668031
飞人解说影视,2261,497,手持青龙戒指，心系优质大片,//space.bilibili.com/266214474
红哥说影视,2166,782,分享优秀的影视作品！,//space.bilibili.com/1722126338
头号说影,2158,348,妹妹带你看剧,//space.bilibili.com/1952388959
毒说影视汇,2144,203,,//space.bilibili.com/3493122218658267
佳哥说影,2132,130,感谢关注，定期分享,//space.bilibili.com/2084357799
东乐说影,2132,171,,//space.bilibili.com/1827975037
瓦力说影,2089,41,孤独没什么不好孤独的时候看世界会比较清楚,//space.bilibili.com/1859989963
小志说影,2085,483,,//space.bilibili.com/2017314255
说影旅人,2080,465,,//space.bilibili.com/35767744
江源说影,1966,123,,//space.bilibili.com/3493130999433679
小宇解说影视,1922,1932,直播时间9点-12点3点-5点半晚上不定时播三国服打野选手，每天带粉上分游戏解说上分vx：wg35769Q：490759802,//space.bilibili.com/1706167093
影子爱说影,1892,63,每一部电影都有一个不为人知的“影子”,//space.bilibili.com/1345107603
大宇说影_bili,1889,65,坚持做自己喜欢的事也是一种乐趣,//space.bilibili.com/423207492
24说影视,1888,148,,//space.bilibili.com/3493115696515893
港港说影视,1879,639,,//space.bilibili.com/1623058235
毒说影视汇,2144,203,,//space.bilibili.com/3493122218658267
佳哥说影,2132,130,感谢关注，定期分享,//space.bilibili.com/2084357799
东乐说影,2132,171,,//space.bilibili.com/1827975037
瓦力说影,2089,41,孤独没什么不好孤独的时候看世界会比较清楚,//space.bilibili.com/1859989963
小志说影,2085,483,,//space.bilibili.com/2017314255
说影旅人,2080,465,,//space.bilibili.com/35767744
江源说影,1966,123,,//space.bilibili.com/3493130999433679
小宇解说影视,1922,1932,直播时间9点-12点3点-5点半晚上不定时播三国服打野选手，每天带粉上分游戏解说上分vx：wg35769Q：490759802,//space.bilibili.com/1706167093
影子爱说影,1892,63,每一部电影都有一个不为人知的“影子”,//space.bilibili.com/1345107603
大宇说影_bili,1889,65,坚持做自己喜欢的事也是一种乐趣,//space.bilibili.com/423207492
24说影视,1888,148,,//space.bilibili.com/3493115696515893
港港说影视,1879,639,,//space.bilibili.com/1623058235
晗说影视W,1865,69,,//space.bilibili.com/3546593422739490
长情说影,1811,293,用心看电影专心讲电影感谢关注,//space.bilibili.com/416745818
醉爱说影,1802,254,给你讲述各种荒诞离奇的电影，带你领略电影的无穷魅力,//space.bilibili.com/321776783
阿狗说影片,1757,187,人生如梦岁月如歌愿我们都能很快乐,//space.bilibili.com/3493261226281372
樱白说影,1732,36,是个宝藏up,//space.bilibili.com/3546664547649713
云上爱说影,1716,290,分享好电影,//space.bilibili.com/510354246
是如果说影,1648,178,,//space.bilibili.com/3493114647939722
解光说影-新片推荐官,1617,170,影视，历史，纪录片，人物，娱乐,//space.bilibili.com/1427798819
大亿说影,1595,392,原创电影解说员，为您打造别具特色的电影解说！,//space.bilibili.com/1544396393
大怂包解说影,1541,34,,//space.bilibili.com/3493115266599840
女小丑说影,1522,15,互,//space.bilibili.com/3546889060355015
懒猫说影,1520,71,一只小懒猫！,//space.bilibili.com/3494350132611740
小猛说影视,1516,116,热爱影视，分享好的影视剧,//space.bilibili.com/1385844554
董哥说影视,1488,490,侵联删,//space.bilibili.com/3546824314980686
泡沫说影视,1482,527,感谢大家的关注，每天不定时更新精彩内容！,//space.bilibili.com/1696231731
老谢说影视,1473,65,,//space.bilibili.com/1288422444
王子说影视,1460,278,尊重作品，推荐优质电影,//space.bilibili.com/1815818123
指尖说影视,1432,642,每天为你推荐好剧！每一集都是原创解说哟！,//space.bilibili.com/1668658507
韦小宝说影,1425,26,做人要做韦小宝~,//space.bilibili.com/3546920523925942
小7午夜说影,1408,29,讲述香港老电影和各种恐怖电影的频道，感谢您的观看和关注,//space.bilibili.com/3546380079466616
可爱说影,1386,201,,//space.bilibili.com/3546859146578317
萝卜头说影视,1384,410,希望大家喜欢我的作品，多多点赞，爱你们呦~,//space.bilibili.com/2131028946
小乔说影视,1381,1236,素材来源于网络，如有侵权，请联系删除,//space.bilibili.com/2084044603
老徐说影,1371,54,于千万人之中遇见你是我的荣幸！,//space.bilibili.com/578849647
小猛说影视,1516,116,热爱影视，分享好的影视剧,//space.bilibili.com/1385844554
董哥说影视,1488,490,侵联删,//space.bilibili.com/3546824314980686
泡沫说影视,1482,527,感谢大家的关注，每天不定时更新精彩内容！,//space.bilibili.com/1696231731
老谢说影视,1473,65,,//space.bilibili.com/1288422444
王子说影视,1460,278,尊重作品，推荐优质电影,//space.bilibili.com/1815818123
指尖说影视,1432,642,每天为你推荐好剧！每一集都是原创解说哟！,//space.bilibili.com/1668658507
韦小宝说影,1425,26,做人要做韦小宝~,//space.bilibili.com/3546920523925942
小7午夜说影,1408,29,讲述香港老电影和各种恐怖电影的频道，感谢您的观看和关注,//space.bilibili.com/3546380079466616
可爱说影,1386,201,,//space.bilibili.com/3546859146578317
萝卜头说影视,1384,410,希望大家喜欢我的作品，多多点赞，爱你们呦~,//space.bilibili.com/2131028946
小乔说影视,1381,1236,素材来源于网络，如有侵权，请联系删除,//space.bilibili.com/2084044603
老徐说影,1371,54,于千万人之中遇见你是我的荣幸！,//space.bilibili.com/578849647
浩歌说影,1369,190,,//space.bilibili.com/3493112020208577
一一小明说影,1353,75,影视片段，分享精彩好剧，一起来看吧,//space.bilibili.com/404842478
峰哥哥说影,1344,191,每日跟新优质动漫作品，期待你的点评,//space.bilibili.com/2097991195
毛说影娱,1342,544,给你讲不一样的故事,//space.bilibili.com/2077903293
飞鸟说影-,1338,430,,//space.bilibili.com/3493082995624809
囡囡说影,1328,42,已关请回随时检查清理,//space.bilibili.com/3493261771540920
中意说影,1316,390,中意说影,//space.bilibili.com/3546827622189795
虎妞说影,1303,166,,//space.bilibili.com/3546392356195114
翱翔说影,1301,201,,//space.bilibili.com/3493113182030535
传说影视,1297,154,带你全球观影,//space.bilibili.com/486847888
吖杰说影视,1276,72,,//space.bilibili.com/1083129888
飞鱼说影,1270,190,,//space.bilibili.com/3546861493291739
小白说影哇,1262,9,,//space.bilibili.com/1267184377
闹闹说影,1253,8,已关请回随时检查清理,//space.bilibili.com/3546787665152877
胡茬说影视,1244,379,看一部电影，体验一次别样人生,//space.bilibili.com/1634877284
老张说影剧A,1241,99,你我相遇就是有缘，专注影剧解说文稿创作，喜欢看历史经典影剧，深挖背后不为人知的故事。,//space.bilibili.com/1925922960
仓鼠说影,1239,42,小小鼠~,//space.bilibili.com/3546922006612030
蒲公英说影,1224,437,,//space.bilibili.com/3493083519912696
杨叔说影,1221,339,,//space.bilibili.com/3546792442465246
阿彬说影视,1217,161,,//space.bilibili.com/1691980699
专心说影,1199,39,专心做影视解说！,//space.bilibili.com/3546921285191826
倒霉叔说影视,1191,716,,//space.bilibili.com/1967327383
风风说影视,1166,64,。。。。,//space.bilibili.com/1507574969
小金金说影,1160,24,希望世界和平,//space.bilibili.com/3546925863275164
小白说影哇,1262,9,,//space.bilibili.com/1267184377
闹闹说影,1253,8,已关请回随时检查清理,//space.bilibili.com/3546787665152877
胡茬说影视,1244,379,看一部电影，体验一次别样人生,//space.bilibili.com/1634877284
老张说影剧A,1241,99,你我相遇就是有缘，专注影剧解说文稿创作，喜欢看历史经典影剧，深挖背后不为人知的故事。,//space.bilibili.com/1925922960
仓鼠说影,1239,42,小小鼠~,//space.bilibili.com/3546922006612030
蒲公英说影,1224,437,,//space.bilibili.com/3493083519912696
杨叔说影,1221,339,,//space.bilibili.com/3546792442465246
阿彬说影视,1217,161,,//space.bilibili.com/1691980699
专心说影,1199,39,专心做影视解说！,//space.bilibili.com/3546921285191826
倒霉叔说影视,1191,716,,//space.bilibili.com/1967327383
风风说影视,1166,64,。。。。,//space.bilibili.com/1507574969
小金金说影,1160,24,希望世界和平,//space.bilibili.com/3546925863275164
零零说影视,1158,319,,//space.bilibili.com/1642762723
茄子说影,1151,644,Ta已经关注了你！,//space.bilibili.com/1023083052
爱情说影,1144,40,爱情电影不说爱,//space.bilibili.com/3546922000321099
十一说影,1142,196,,//space.bilibili.com/3493089687636143
迷糊说影视,1139,191,迷糊说影视,//space.bilibili.com/3546827609606880
阿夜说影,1134,167,感谢你的关注,//space.bilibili.com/3546886399068337
斯坦说影,1130,109,不妨点个关注再走吧！,//space.bilibili.com/3546888345226181
梅姐说影,1122,3,谢谢关注,//space.bilibili.com/3546939096303701
汪仔说影,1120,108,一只会电影解说的小狗砸,//space.bilibili.com/3546871849028177
阿浪说影,1119,71,17岁少年的青春！,//space.bilibili.com/3546890790505396
牛马说影,1113,84,小小牛马，勇闯自媒体！,//space.bilibili.com/3546890792601773
楠风说影,1112,345,,//space.bilibili.com/3546824325466208
辣么说影视,1109,392,,//space.bilibili.com/8394354
沐云说影,1107,330,沐云说影,//space.bilibili.com/3546824348535392
金金说影,1105,25,祝各位观众老爷发财暴富！,//space.bilibili.com/3546888152287937
北说影视,1102,119,,//space.bilibili.com/1086599315
清风说影,1098,121,关注我，带你看不一样的电影,//space.bilibili.com/3546871849028298
阿尘説影,1097,61,感谢您的支持与关注！素材来源于网络！侵权私删！,//space.bilibili.com/453935835
豪哥说影,1095,3,谢谢关注！,//space.bilibili.com/3546939161315771
小米说影,1080,106,,//space.bilibili.com/3546861503777508
夜明说影,1079,68,兄dei看片么，我是夜明专注高分优秀动画解说，还差99年成为百年解说老字号，尽力一周两更，发掘好片子说出深藏其中的爱恨情仇,//space.bilibili.com/272039347
海海说影视,1069,113,不定期更新感谢支持*⁂((✪⥎✪))⁂*,//space.bilibili.com/3494373079648683
小说影视剧,1066,4,影视剪辑社会杂谈,//space.bilibili.com/1544236884
去说影视,1059,489,专注电视剧解说，电影解说！每天分享精彩影视！,//space.bilibili.com/1325616502
辣么说影视,1109,392,,//space.bilibili.com/8394354
沐云说影,1107,330,沐云说影,//space.bilibili.com/3546824348535392
金金说影,1105,25,祝各位观众老爷发财暴富！,//space.bilibili.com/3546888152287937
北说影视,1102,119,,//space.bilibili.com/1086599315
清风说影,1098,121,关注我，带你看不一样的电影,//space.bilibili.com/3546871849028298
阿尘説影,1097,61,感谢您的支持与关注！素材来源于网络！侵权私删！,//space.bilibili.com/453935835
豪哥说影,1095,3,谢谢关注！,//space.bilibili.com/3546939161315771
小米说影,1080,106,,//space.bilibili.com/3546861503777508
夜明说影,1079,68,兄dei看片么，我是夜明专注高分优秀动画解说，还差99年成为百年解说老字号，尽力一周两更，发掘好片子说出深藏其中的爱恨情仇,//space.bilibili.com/272039347
海海说影视,1069,113,不定期更新感谢支持*⁂((✪⥎✪))⁂*,//space.bilibili.com/3494373079648683
小说影视剧,1066,4,影视剪辑社会杂谈,//space.bilibili.com/1544236884
去说影视,1059,489,专注电视剧解说，电影解说！每天分享精彩影视！,//space.bilibili.com/1325616502
阳阳说影剧,1057,612,批判的武器代替不了武器的批判,//space.bilibili.com/93961348
大话说影,1054,70,大话西游~,//space.bilibili.com/3546896641558780
解说影视250,1051,5,终极目标成为川菜大师……，想让大家知道川菜不仅仅只是辣,//space.bilibili.com/65689957
狮子元芳说影视,1036,11,谢谢大家的关注和支持,//space.bilibili.com/1292873179
爱情说影86,1030,8,,//space.bilibili.com/3546931814992084
仓鼠说影71,1025,9,,//space.bilibili.com/3546931907266869
华少说影,1025,122,电影解说,//space.bilibili.com/1102732265
贝乐说影,1012,61,每天带给你不一样的快乐,//space.bilibili.com/1883781462
林风说影,1006,2,感谢有你!,//space.bilibili.com/3546939087915185
董哥说影,998,50,,//space.bilibili.com/86492925
墨守说影,969,27,恢复更新冲一个月看结果如何,//space.bilibili.com/8132531
阿磊说影互关互赞,947,20,,//space.bilibili.com/3461570455669089
弋说影视,932,319,好看的电视剧你值得去看,//space.bilibili.com/1551603254
小帅说影视,919,452,,//space.bilibili.com/3493082905446897
浩城说影,908,61,专注影视解说，感谢大家支持！,//space.bilibili.com/3546755037661939
超哥说影,908,51,向往阳光，感恩每天|宝藏电影发掘小能说，持续分享好电影！,//space.bilibili.com/3493280654297265
田园说影,908,129,,//space.bilibili.com/3493112743725517
西诺说影,902,79,关注更多好电影，喜欢的多多支持,//space.bilibili.com/503017472
汇说影视,888,55,精彩视频的自制和分享,//space.bilibili.com/409144258
阿瑞说影视,861,499,哔站偷视频的太多了，平台也不管，申诉不过来。,//space.bilibili.com/49414071
云哥说影,850,708,搬好小凳子精彩马上开始????,//space.bilibili.com/1214425892
天宇说影,825,20,,//space.bilibili.com/1449672600
小黑爱说影,821,52,,//space.bilibili.com/3546728336722176
木子说影视,807,208,把最好看的影视分享给大家,//space.bilibili.com/387850263
弋说影视,932,319,好看的电视剧你值得去看,//space.bilibili.com/1551603254
小帅说影视,919,452,,//space.bilibili.com/3493082905446897
浩城说影,908,61,专注影视解说，感谢大家支持！,//space.bilibili.com/3546755037661939
超哥说影,908,51,向往阳光，感恩每天|宝藏电影发掘小能说，持续分享好电影！,//space.bilibili.com/3493280654297265
田园说影,908,129,,//space.bilibili.com/3493112743725517
西诺说影,902,79,关注更多好电影，喜欢的多多支持,//space.bilibili.com/503017472
汇说影视,888,55,精彩视频的自制和分享,//space.bilibili.com/409144258
阿瑞说影视,861,499,哔站偷视频的太多了，平台也不管，申诉不过来。,//space.bilibili.com/49414071
云哥说影,850,708,搬好小凳子精彩马上开始????,//space.bilibili.com/1214425892
天宇说影,825,20,,//space.bilibili.com/1449672600
小黑爱说影,821,52,,//space.bilibili.com/3546728336722176
木子说影视,807,208,把最好看的影视分享给大家,//space.bilibili.com/387850263
大魔王说影视,806,609,致力于寻找好看的影视，喜欢就关注我吧,//space.bilibili.com/1366393311
曦允说影,805,362,,//space.bilibili.com/3493105401596440
长意说影,804,530,素材来源网络，如有侵权，联系删除。,//space.bilibili.com/3493092776741186
海苔说影,803,1.9万,,//space.bilibili.com/1276030490
瑞哥说影,793,39,,//space.bilibili.com/3493266664196969
火哥说影,793,6,首席翻译官，精通印度语，印度方言蛇皮解说，只为逗笑大家无任何地域歧视,//space.bilibili.com/1389454291
狼哥说影1,788,123,大家好，我是狼哥，专业解读，品味电影，感谢支持，感谢平台！,//space.bilibili.com/702603451
兔哥说影,782,197,这是一个爱讲故事的电影解说,//space.bilibili.com/1181886000
果果说影,775,215,,//space.bilibili.com/1708614233
卷毛妹妹说影视,766,449,解说好剧，谢谢关注,//space.bilibili.com/3461576461912954
白熊说影,764,129,电影解说，谢谢你这么可爱帅气还关注我,//space.bilibili.com/516517335
睿萱说影,758,344,,//space.bilibili.com/3493105399499383
某某说影,756,75,花更少的时间，了解高品质影视,//space.bilibili.com/580349793
裤里丝说影,731,1482,影视解说员，喜欢的点赞关注,//space.bilibili.com/3461576122173586
漫娱说影,723,67,讲讲电影内外，你没发现的故事,//space.bilibili.com/474496859
小雷说影视,721,1163,,//space.bilibili.com/1183303217
虎哥说影,719,208,影视解说，每日更新，感谢支持！,//space.bilibili.com/1320759662
可爱说影视L,711,434,,//space.bilibili.com/3493116378089485
妮说影视,700,30,心往前走，总会看到光！,//space.bilibili.com/3461571990784096
白夜说影,700,54,看人生百态品世间万象人间皆是温暖❤️谢谢你的关注❤️,//space.bilibili.com/1861642056
噗噗说影视1,698,390,,//space.bilibili.com/3493116361312407
茗轩说影,698,321,,//space.bilibili.com/3493105491774203
瓦斯说影,694,4,新片速递!,//space.bilibili.com/3546622562667441
喵小説影视,693,829,一部影视，一种生活。带上瓜子花生，芒果陪你追剧！,//space.bilibili.com/1254283462
某某说影,756,75,花更少的时间，了解高品质影视,//space.bilibili.com/580349793
裤里丝说影,731,1482,影视解说员，喜欢的点赞关注,//space.bilibili.com/3461576122173586
漫娱说影,723,67,讲讲电影内外，你没发现的故事,//space.bilibili.com/474496859
小雷说影视,721,1163,,//space.bilibili.com/1183303217
虎哥说影,719,208,影视解说，每日更新，感谢支持！,//space.bilibili.com/1320759662
可爱说影视L,711,434,,//space.bilibili.com/3493116378089485
妮说影视,700,30,心往前走，总会看到光！,//space.bilibili.com/3461571990784096
白夜说影,700,54,看人生百态品世间万象人间皆是温暖❤️谢谢你的关注❤️,//space.bilibili.com/1861642056
噗噗说影视1,698,390,,//space.bilibili.com/3493116361312407
茗轩说影,698,321,,//space.bilibili.com/3493105491774203
瓦斯说影,694,4,新片速递!,//space.bilibili.com/3546622562667441
喵小説影视,693,829,一部影视，一种生活。带上瓜子花生，芒果陪你追剧！,//space.bilibili.com/1254283462
辉龙说影,683,199,,//space.bilibili.com/3493112668227928
柠檬精说影阿,672,65,一个爱看影视的外星人,//space.bilibili.com/1806357986
一凌说影,667,29,月亮会为你驱逐黑暗，伤心难过的时候尽量选择白天,//space.bilibili.com/1218476567
燕姐说影,656,571,认真解说感谢支持,//space.bilibili.com/3493267702287030
IT哥说影剧,650,124,书影古典小说,//space.bilibili.com/491671931
阿张说影,639,207,感谢平台的支持和大家的厚爱！喜欢就来关注吧！,//space.bilibili.com/3546816157059744
书生说影,636,113,带你回忆最经典的电影，喜欢记得关注持续更新......,//space.bilibili.com/3493085552052277
蜗嘉说影,633,93,和平友爱互动，侵权请私聊删除~,//space.bilibili.com/3493075728992310
刚哥解说影视,632,871,,//space.bilibili.com/1369002116
熊二说影集,629,137,感谢关注+感谢点赞！用心更新好每一部电影！如有侵权联系必删！,//space.bilibili.com/431379784
肉肉说影,625,53,,//space.bilibili.com/3494351646755642
小钱说影p,624,264,没时间跟你斤斤计较我还要忙着可爱,//space.bilibili.com/3493116386478726
何止说影,624,12,做一个简单的人，踏实而务实,//space.bilibili.com/349289298
来说影视,611,281,专注电视剧、电影解说，每天分享精彩影视！,//space.bilibili.com/1565774591
老憨说影视,603,1,何德何能承蒙厚爱,//space.bilibili.com/1398755083
瓢瓜说影,601,142,精彩内容，持续更新，欢迎关注!,//space.bilibili.com/3493289791588847
芸芸说影视6688,600,2,每天更新古装剧解说！欢迎点赞关注,//space.bilibili.com/3461572666067535
秋菊来说影视,596,12,,//space.bilibili.com/3493269950433298
老马说影视,593,494,,//space.bilibili.com/1744425141
说说影视社,586,370,每天一个“奇葩”小电影！一起快乐就完事了。记得点点小关注,//space.bilibili.com/3461571583937015
木说影视,582,274,小女子是个影视迷，追剧追到昏天黑地不知所以，好的片段与君共享,//space.bilibili.com/3461562241124690
剧君说影丶,577,136,【剧君说影】更新影视类视频，【动物日记】更新动物类视频,//space.bilibili.com/399609912
莎莎说影,573,155,每天持续更新，精彩内容，欢迎关注!,//space.bilibili.com/3493289789491625
小清说影,567,225,朋友，欢迎您！,//space.bilibili.com/3546568909130554
何止说影,624,12,做一个简单的人，踏实而务实,//space.bilibili.com/349289298
来说影视,611,281,专注电视剧、电影解说，每天分享精彩影视！,//space.bilibili.com/1565774591
老憨说影视,603,1,何德何能承蒙厚爱,//space.bilibili.com/1398755083
瓢瓜说影,601,142,精彩内容，持续更新，欢迎关注!,//space.bilibili.com/3493289791588847
芸芸说影视6688,600,2,每天更新古装剧解说！欢迎点赞关注,//space.bilibili.com/3461572666067535
秋菊来说影视,596,12,,//space.bilibili.com/3493269950433298
老马说影视,593,494,,//space.bilibili.com/1744425141
说说影视社,586,370,每天一个“奇葩”小电影！一起快乐就完事了。记得点点小关注,//space.bilibili.com/3461571583937015
木说影视,582,274,小女子是个影视迷，追剧追到昏天黑地不知所以，好的片段与君共享,//space.bilibili.com/3461562241124690
剧君说影丶,577,136,【剧君说影】更新影视类视频，【动物日记】更新动物类视频,//space.bilibili.com/399609912
莎莎说影,573,155,每天持续更新，精彩内容，欢迎关注!,//space.bilibili.com/3493289789491625
小清说影,567,225,朋友，欢迎您！,//space.bilibili.com/3546568909130554
武二郎说影,564,426,,//space.bilibili.com/1621328448
大妞说影视,561,48,分享我爱的剧……喜欢就给个三连，谢谢,//space.bilibili.com/392152937
快来说影o,560,135,分享一些有趣的视频,//space.bilibili.com/3493075806587863
小明解说影视,557,108,每周更新经典电影解说，老电影才有艺术感,//space.bilibili.com/56390910
金福说影,553,5,,//space.bilibili.com/3461574836619288
听风说影L,553,165,愿你历尽千山万水，仍觉人间值得,//space.bilibili.com/1461627443
三炮说影,552,1289,,//space.bilibili.com/1992439143
吟风说影,549,2,✨欢迎你，走进人物的心事。感谢你那么好看，还关注我～（up最近在答辩，答辩完更新～）,//space.bilibili.com/3546886793333018
影说影酱,548,558,,//space.bilibili.com/1402890561
巽风说影,543,9,,//space.bilibili.com/3493140482755423
小希说影,538,38,,//space.bilibili.com/3461574469618311
戏说影探菌,535,232,,//space.bilibili.com/1375768384
光说影评,518,14,光说了什么，影子自有评判。风吹、叶动、树响，人们就开始了做梦。,//space.bilibili.com/435443880
小呆说影,513,27,一个兴趣使然的UP主，喜欢动漫，音乐、电影、游戏，最重要的是喜欢分享,//space.bilibili.com/27985025
bili星空说影视,512,24,,//space.bilibili.com/3546777175198030
火流星说影,498,462,动漫里的故事，我来讲给你听！????,//space.bilibili.com/626970888
微光说影,490,78,,//space.bilibili.com/383694058
笑君说影,489,58,纪录片解说持续更新中,//space.bilibili.com/1282515142
茜茜说影,484,191,,//space.bilibili.com/3493112162814181
青池说影视,483,240,世界之大无奇不有，每天制作不一样的视频,//space.bilibili.com/1199804915
丽丽姐说影视,482,249,每天更新5部漫画,//space.bilibili.com/110103646
明说影视,475,28,电影是一种热爱承蒙各位厚爱持续更新中……,//space.bilibili.com/1422409907
萝卜说影,458,239,点个关注不迷路，搞笑一家人持续更新中，一起追寻快乐时光,//space.bilibili.com/441402164
白光-说影,458,11,知白守黑、和光同尘,//space.bilibili.com/306865146
光说影评,518,14,光说了什么，影子自有评判。风吹、叶动、树响，人们就开始了做梦。,//space.bilibili.com/435443880
小呆说影,513,27,一个兴趣使然的UP主，喜欢动漫，音乐、电影、游戏，最重要的是喜欢分享,//space.bilibili.com/27985025
bili星空说影视,512,24,,//space.bilibili.com/3546777175198030
火流星说影,498,462,动漫里的故事，我来讲给你听！????,//space.bilibili.com/626970888
微光说影,490,78,,//space.bilibili.com/383694058
笑君说影,489,58,纪录片解说持续更新中,//space.bilibili.com/1282515142
茜茜说影,484,191,,//space.bilibili.com/3493112162814181
青池说影视,483,240,世界之大无奇不有，每天制作不一样的视频,//space.bilibili.com/1199804915
丽丽姐说影视,482,249,每天更新5部漫画,//space.bilibili.com/110103646
明说影视,475,28,电影是一种热爱承蒙各位厚爱持续更新中……,//space.bilibili.com/1422409907
萝卜说影,458,239,点个关注不迷路，搞笑一家人持续更新中，一起追寻快乐时光,//space.bilibili.com/441402164
白光-说影,458,11,知白守黑、和光同尘,//space.bilibili.com/306865146
玖柒说影,449,154,一部影视，百味人生！,//space.bilibili.com/702049566
有情机器说影视,442,171,不定期更新一些影视片段混剪，影评，剧评和综评，感谢观众老爷支持！,//space.bilibili.com/3546817314687395
小蓝日常说影,440,157,喜欢就关注我吧！我是彩虹小七七！,//space.bilibili.com/3493119630772279
小L说影,433,2,如有侵权请联系,//space.bilibili.com/699986753
萌妹说影,430,17,,//space.bilibili.com/1698536363
阿南说影,420,37,关注我，精彩原创解说在这里,//space.bilibili.com/699485768
拨鼠说影,420,24,每日分享电影解说,//space.bilibili.com/471975879
木哥说影视,417,40,,//space.bilibili.com/3461571680406338
光森说影,415,202,,//space.bilibili.com/3493114777963429
神机说影,405,130,让优秀电影被更多人看到！,//space.bilibili.com/1537738988
暮晨说影,405,89,博您一笑，哈哈哈,//space.bilibili.com/287293443
晗说影视,402,163,,//space.bilibili.com/3546644605831667
无言说影,401,48,努力讲好故事?,//space.bilibili.com/3493144779819503
太阳说影,399,13,一部电影，一个故事，一段人生,//space.bilibili.com/1323490108
丰屏说影,388,16,热爱电影与动漫，致力于分享独特见解。虽然初来乍到，但满怀热情，期待与你们一同探索光影世界，共同成长。,//space.bilibili.com/3546598359436233
小梁说影视,386,42,时不时更新精彩动漫，感谢观看！点个关注吧。,//space.bilibili.com/1131075839
小鹿鹿说影视,385,43,好剧每天更新,//space.bilibili.com/1544636776
小杨说影,383,74,,//space.bilibili.com/1549563618
森哥说影,380,609,,//space.bilibili.com/3493086573365319
阿笛说影视,380,242,"感谢bilibili,感谢关注，坚持原创解说，欢迎互相交流，喜欢的就关注一下吧",//space.bilibili.com/1023374998
漾漾说影视,378,199,谢谢好看的你来看可爱的我每天坚持更新原创解说作品感谢来看剧的宝宝支持,//space.bilibili.com/698059492
UU说影,377,395,,//space.bilibili.com/1982398091
天真无邪说影剧,375,16,,//space.bilibili.com/3546694167825313
皓宇説影,373,593,,//space.bilibili.com/2051216895
无言说影,401,48,努力讲好故事?,//space.bilibili.com/3493144779819503
太阳说影,399,13,一部电影，一个故事，一段人生,//space.bilibili.com/1323490108
丰屏说影,388,16,热爱电影与动漫，致力于分享独特见解。虽然初来乍到，但满怀热情，期待与你们一同探索光影世界，共同成长。,//space.bilibili.com/3546598359436233
小梁说影视,386,42,时不时更新精彩动漫，感谢观看！点个关注吧。,//space.bilibili.com/1131075839
小鹿鹿说影视,385,43,好剧每天更新,//space.bilibili.com/1544636776
小杨说影,383,74,,//space.bilibili.com/1549563618
森哥说影,380,609,,//space.bilibili.com/3493086573365319
阿笛说影视,380,242,"感谢bilibili,感谢关注，坚持原创解说，欢迎互相交流，喜欢的就关注一下吧",//space.bilibili.com/1023374998
漾漾说影视,378,199,谢谢好看的你来看可爱的我每天坚持更新原创解说作品感谢来看剧的宝宝支持,//space.bilibili.com/698059492
UU说影,377,395,,//space.bilibili.com/1982398091
天真无邪说影剧,375,16,,//space.bilibili.com/3546694167825313
皓宇説影,373,593,,//space.bilibili.com/2051216895
漫剪说影视,372,411,每天持续更新精彩内容，喜欢的点个关注不迷路！,//space.bilibili.com/3493091239529335
万说影视,369,77,橘子呀！,//space.bilibili.com/3546373431495525
昀烽说影,368,9,,//space.bilibili.com/1883830271
实打实说影,366,209,,//space.bilibili.com/3493114276744137
大力猫说影,365,32,,//space.bilibili.com/1422604009
大罗金仙说影,355,65,大罗金仙说影,//space.bilibili.com/3493113695832292
老翁说影,355,84,,//space.bilibili.com/1254809086
小鬼说影视,353,18,更新搞笑，鬼畜，电影剪辑，性感小姐姐，情感类视频，求关注！！！！,//space.bilibili.com/160250851
老雷说影,348,143,站住有没有点三连,//space.bilibili.com/1995499023
胡说影院-老胡,342,66,,//space.bilibili.com/362481031
蛋蛋说影,336,136,长剧短看，每天更新,//space.bilibili.com/3493294006864542
轻意说影,331,1,感谢大家的支持，会持续更新好的作品。谢谢,//space.bilibili.com/430160546
小丸子说影视,327,1052,,//space.bilibili.com/1594671253
芳彩说影,325,156,好的电影百看不厌，如果您有时间，请一定要看完原片,//space.bilibili.com/488630227
坤哥说影,323,577,,//space.bilibili.com/1575953726
藏影阁说影视-,322,91,,//space.bilibili.com/415346545
青牛说影,322,174,,//space.bilibili.com/315775728
小橘子先生说影视,319,33,感谢你的支持,//space.bilibili.com/3537118869588653
空鱼说影,317,77,你好呀,//space.bilibili.com/1109150168
小虎说影视edit,316,18,一个喜欢看电影，剪视频的小男孩大家想看什么内容可以评论区留言风格多变，内容有趣，多多关注叭,//space.bilibili.com/3494361048287883
咘丰说影,316,32,,//space.bilibili.com/523273737
大头説影,315,399,,//space.bilibili.com/1350370166
说影先生,314,68,看电影，品人生！,//space.bilibili.com/515259998
星空说影y,313,589,,//space.bilibili.com/1934964013
小丸子说影视,327,1052,,//space.bilibili.com/1594671253
芳彩说影,325,156,好的电影百看不厌，如果您有时间，请一定要看完原片,//space.bilibili.com/488630227
坤哥说影,323,577,,//space.bilibili.com/1575953726
藏影阁说影视-,322,91,,//space.bilibili.com/415346545
青牛说影,322,174,,//space.bilibili.com/315775728
小橘子先生说影视,319,33,感谢你的支持,//space.bilibili.com/3537118869588653
空鱼说影,317,77,你好呀,//space.bilibili.com/1109150168
小虎说影视edit,316,18,一个喜欢看电影，剪视频的小男孩大家想看什么内容可以评论区留言风格多变，内容有趣，多多关注叭,//space.bilibili.com/3494361048287883
咘丰说影,316,32,,//space.bilibili.com/523273737
大头説影,315,399,,//space.bilibili.com/1350370166
说影先生,314,68,看电影，品人生！,//space.bilibili.com/515259998
星空说影y,313,589,,//space.bilibili.com/1934964013
重生说影,302,14,点赞加关注,//space.bilibili.com/3494360641440360
津门说影,301,19,影视解说，点击关注，不迷路,//space.bilibili.com/663905111
大乔说影视,300,728,,//space.bilibili.com/3493117250504838
陌玥说影,299,344,,//space.bilibili.com/3493105424665013
玖伍二柒说影,296,39,感谢大家支持，我会更加努力，竭尽全力给大家带来精彩的故事！！！！,//space.bilibili.com/3546581166983183
梦远说影,289,353,,//space.bilibili.com/3493105498065124
老李说影,288,6,,//space.bilibili.com/3461578405972507
小艾说影视,287,33,忠于影视解说用心做好每一部影视解说,//space.bilibili.com/1941635963
北风説影,285,392,,//space.bilibili.com/2034821033
爱情故事说影视解说,284,4,,//space.bilibili.com/3494379928947668
魅男说影视,283,367,欢迎大家关注，每天更新各种影视，爱你们哟！,//space.bilibili.com/1299446666
林听说影视,280,227,如果你今天不开心了可以来看看我的视频,//space.bilibili.com/3493143666231653
老四说影视,277,64,你的关注，就是我的动力。,//space.bilibili.com/1833411242
小霞说影,277,428,,//space.bilibili.com/1630740164
扶光说影,277,26,喜欢看电影，分享精彩的电影片段，希望能给大家带来收获！,//space.bilibili.com/8929587
如风说影,276,62,好剧与您一起分享！持续更新、感谢关注,//space.bilibili.com/1818546395
火目说影,271,45,分享电影幕后故事、冷知识感谢各位老铁厚爱…,//space.bilibili.com/1170061254
一恒说影视,269,57,用心解说好每一部作品谢谢点赞感谢关注你的支持是我更新的动力,//space.bilibili.com/476806660
洁玲说影,268,175,,//space.bilibili.com/3493114752797547
鱼嘴哥说影视,265,69,关注我，看更多好电影解说,//space.bilibili.com/1300978092
云宇说影,264,68,这里是说风就是雨专讲好电影的云宇【影视解说】努力更新中。来关注云宇吧！,//space.bilibili.com/669155434
启强说影,263,385,,//space.bilibili.com/3493294870890901
白九爷说影视,262,111,,//space.bilibili.com/1974516253
音音説影,262,383,,//space.bilibili.com/1936957070
老四说影视,277,64,你的关注，就是我的动力。,//space.bilibili.com/1833411242
小霞说影,277,428,,//space.bilibili.com/1630740164
扶光说影,277,26,喜欢看电影，分享精彩的电影片段，希望能给大家带来收获！,//space.bilibili.com/8929587
如风说影,276,62,好剧与您一起分享！持续更新、感谢关注,//space.bilibili.com/1818546395
火目说影,271,45,分享电影幕后故事、冷知识感谢各位老铁厚爱…,//space.bilibili.com/1170061254
一恒说影视,269,57,用心解说好每一部作品谢谢点赞感谢关注你的支持是我更新的动力,//space.bilibili.com/476806660
洁玲说影,268,175,,//space.bilibili.com/3493114752797547
鱼嘴哥说影视,265,69,关注我，看更多好电影解说,//space.bilibili.com/1300978092
云宇说影,264,68,这里是说风就是雨专讲好电影的云宇【影视解说】努力更新中。来关注云宇吧！,//space.bilibili.com/669155434
启强说影,263,385,,//space.bilibili.com/3493294870890901
白九爷说影视,262,111,,//space.bilibili.com/1974516253
音音説影,262,383,,//space.bilibili.com/1936957070
萌仔说影,260,35,每天分享互联网的原创经验大家一起成长共同进步,//space.bilibili.com/3493076282640437
小琦说影视,258,171,,//space.bilibili.com/1865496574
小道说影,257,21,爱剪辑，影视解说持续输出正能量,//space.bilibili.com/1808034460
苎萝说影,256,12,西施越溪女，出自苎萝山。秀色掩今古，荷花羞玉颜。浣纱弄碧水，自与清波闲。皓齿信难开，沉吟碧云间。,//space.bilibili.com/3494356709280653
仔仔说影视,256,270,热爱影视，热爱剪辑用心创作，每日更新感谢官方，感谢关注,//space.bilibili.com/3493091812051496
小兵说影视,255,28,,//space.bilibili.com/494987345
莫迪解说影视作品,250,53,,//space.bilibili.com/106920488
拾光说影-,249,16,用心解读每一部剧,//space.bilibili.com/3546875758119849
bili椒盐说影,249,6,,//space.bilibili.com/3546692297165505
西卿说影,249,346,,//space.bilibili.com/1148700087
大豆说影视,247,76,动漫,//space.bilibili.com/2048236474
小宇子说影视,244,179,,//space.bilibili.com/1051515655
新一说影视,244,112,❤️让影视之光点亮你的想象力与感受力❤️感谢b站❤️感谢您的喜欢和关注,//space.bilibili.com/484891651
洛克说影,243,339,,//space.bilibili.com/1618964895
吉吉说影,243,158,,//space.bilibili.com/1163911215
无味说影,242,17,,//space.bilibili.com/3546578639915904
一方说影,241,304,爆笑喜剧持续更新?️,//space.bilibili.com/3492972767217917
可达说影视,241,64,,//space.bilibili.com/1339884512
润禾说影,238,4,前世五百次的回眸遇见关注我的你，感恩遇见！,//space.bilibili.com/3546669945718817
曲奇君说影,238,113,每天给大家分享精彩影视作品！,//space.bilibili.com/1339188931
布布说影Spider,235,35,互赞，互关,//space.bilibili.com/3546589433957174
紫离说影,235,479,紫离观影，品人生。每一个故事都是人生路上的启迪。,//space.bilibili.com/1167198232
水手说影视,233,467,,//space.bilibili.com/1722982537
西兰花说影视,232,234,,//space.bilibili.com/3493257835186225
新一说影视,244,112,❤️让影视之光点亮你的想象力与感受力❤️感谢b站❤️感谢您的喜欢和关注,//space.bilibili.com/484891651
洛克说影,243,339,,//space.bilibili.com/1618964895
吉吉说影,243,158,,//space.bilibili.com/1163911215
无味说影,242,17,,//space.bilibili.com/3546578639915904
一方说影,241,304,爆笑喜剧持续更新?️,//space.bilibili.com/3492972767217917
可达说影视,241,64,,//space.bilibili.com/1339884512
润禾说影,238,4,前世五百次的回眸遇见关注我的你，感恩遇见！,//space.bilibili.com/3546669945718817
曲奇君说影,238,113,每天给大家分享精彩影视作品！,//space.bilibili.com/1339188931
布布说影Spider,235,35,互赞，互关,//space.bilibili.com/3546589433957174
紫离说影,235,479,紫离观影，品人生。每一个故事都是人生路上的启迪。,//space.bilibili.com/1167198232
水手说影视,233,467,,//space.bilibili.com/1722982537
西兰花说影视,232,234,,//space.bilibili.com/3493257835186225
卜风说影,232,10,,//space.bilibili.com/358543416
沛菡说影,231,172,,//space.bilibili.com/3493114805225521
二叔说影剧,228,288,㊟原“大帝影剧”更名为→“二叔说影剧”原创不易，请勿搬运！,//space.bilibili.com/678430616
闲来说影,227,56,爱生活，爱电影，用心说好每一部电影！,//space.bilibili.com/1842975037
大禾说影,222,202,一个不会胡说八道扯影视的正经景观设计师不是一个优秀的灵魂画家,//space.bilibili.com/2136630150
飞鸟説影,219,366,,//space.bilibili.com/1507445505
麋漉说影,216,378,,//space.bilibili.com/1655765254
老五说影视1,215,409,官方正版授权评论置顶区看完整版,//space.bilibili.com/3546862818691865
艾斯说影,215,376,????持续更新有意思的科幻剧集❤️总有一部能够打开你的想象,//space.bilibili.com/1734691712
吹沙说影,211,355,,//space.bilibili.com/3493105443539880
沙士比亚说影视,211,1,随便剪剪,//space.bilibili.com/67301465
大胖说影视,210,359,,//space.bilibili.com/3546831130724642
亦辰说影v,210,2,✨✨用故事记录生活✨✨关注了我你就是我的人了,//space.bilibili.com/3494363600521957
老鹿说影,210,38,春风可待未来可期,//space.bilibili.com/429586368
小虞说影,209,35,爱看电影的小虞同学,//space.bilibili.com/518153548
连珠说影,208,74,,//space.bilibili.com/3546388770065018
如果不说影,207,351,,//space.bilibili.com/3493113693735232
小蓝说影,206,425,,//space.bilibili.com/3493115142867861
文昊说影,206,76,,//space.bilibili.com/385738070
说说影视,205,311,,//space.bilibili.com/3493260905416740
乐酷说影视,205,114,,//space.bilibili.com/596784210
老余说影视LVOG,205,7,用心做视频，带给大家欢乐,//space.bilibili.com/485584695
吐槽着说影视,204,39,早年影视作品深度解说说着说着就忍不住吐槽,//space.bilibili.com/387421289
破阵子说影,203,16,最是仓皇辞庙日，教坊犹奏别离歌，垂泪对宫娥。,//space.bilibili.com/3494356738640526
亦辰说影v,210,2,✨✨用故事记录生活✨✨关注了我你就是我的人了,//space.bilibili.com/3494363600521957
老鹿说影,210,38,春风可待未来可期,//space.bilibili.com/429586368
小虞说影,209,35,爱看电影的小虞同学,//space.bilibili.com/518153548
连珠说影,208,74,,//space.bilibili.com/3546388770065018
如果不说影,207,351,,//space.bilibili.com/3493113693735232
小蓝说影,206,425,,//space.bilibili.com/3493115142867861
文昊说影,206,76,,//space.bilibili.com/385738070
说说影视,205,311,,//space.bilibili.com/3493260905416740
乐酷说影视,205,114,,//space.bilibili.com/596784210
老余说影视LVOG,205,7,用心做视频，带给大家欢乐,//space.bilibili.com/485584695
吐槽着说影视,204,39,早年影视作品深度解说说着说着就忍不住吐槽,//space.bilibili.com/387421289
破阵子说影,203,16,最是仓皇辞庙日，教坊犹奏别离歌，垂泪对宫娥。,//space.bilibili.com/3494356738640526
小葛哥说影事,203,174,,//space.bilibili.com/2047377334
庆哥说影,202,201,,//space.bilibili.com/2106954135
桥雨说影,202,15,没有硬币，暂时没办法改名，喜欢点点关注,//space.bilibili.com/300640731
奶芙泡说影视,201,41,剪辑世界，无限创意，影视带你领略别样美好。,//space.bilibili.com/3546921608153203
大咖说影,200,456,看电影，品百味人生,//space.bilibili.com/1465523492
泡芙说影视,199,68,光影流转，故事新生。用剪辑重塑经典，以热爱点燃银幕。每一帧都是对电影的告白，欢迎来到我的影视世界！关注up主不迷路~没事发点搞笑段子笑口常开,//space.bilibili.com/3546853874338529
六格说影,198,33,乾坤未定，你我皆是黑马。,//space.bilibili.com/3546662148507752
丹丹说影视,198,133,一部电影一种人生看万部电影品精彩人生,//space.bilibili.com/1828031285
鸭鸭说影视,196,79,想看什么电影，可直接在评论区留言回复哦，感谢你的支持！,//space.bilibili.com/3546854178425013
功夫说影视,196,68,,//space.bilibili.com/2066271730
可乐说影啊,196,14,,//space.bilibili.com/34571480
螺蛳粉说影视,195,40,每天更新电影，从中领略到不同的风采，如有侵权请联系up主删除,//space.bilibili.com/3546921612347634
一木说影,194,264,我是一木，每天更新精彩好剧解说,//space.bilibili.com/1726506425
巴拉巴拉说影,193,38,每日一更新影视，如有侵权请联系up主删除,//space.bilibili.com/3546921805285584
满哥说影本人,193,169,同样的电影，不同的解说。同样的情节，不同的人生。,//space.bilibili.com/3493080151886362
恐怖说影,192,33,真真假假，假假真真。白天不更，就晚上更，气人不?,//space.bilibili.com/3546924451891932
牛哥说影,192,49,,//space.bilibili.com/3493090608285748
光影说影,192,140,,//space.bilibili.com/1494352649
老卢说影,190,78,感谢官方，每天持续更新中-您的关注是我最大的动力,//space.bilibili.com/3546830281378234
春妮说影视吖,190,17,欢迎大家一起聊聊喜欢的电影,//space.bilibili.com/1749505056
阿呆说影,189,4,,//space.bilibili.com/383187900
憨憨说影,188,6,每天分享好看的影视祝大家天天开心谢谢关注?,//space.bilibili.com/1614804804
小斌说影,187,2,,//space.bilibili.com/643767964
忙说影视综,187,119,完整纯享及更多?动态置顶每日分享搞笑综艺、网剧感谢平台,//space.bilibili.com/473585875
一木说影,194,264,我是一木，每天更新精彩好剧解说,//space.bilibili.com/1726506425
巴拉巴拉说影,193,38,每日一更新影视，如有侵权请联系up主删除,//space.bilibili.com/3546921805285584
满哥说影本人,193,169,同样的电影，不同的解说。同样的情节，不同的人生。,//space.bilibili.com/3493080151886362
恐怖说影,192,33,真真假假，假假真真。白天不更，就晚上更，气人不?,//space.bilibili.com/3546924451891932
牛哥说影,192,49,,//space.bilibili.com/3493090608285748
光影说影,192,140,,//space.bilibili.com/1494352649
老卢说影,190,78,感谢官方，每天持续更新中-您的关注是我最大的动力,//space.bilibili.com/3546830281378234
春妮说影视吖,190,17,欢迎大家一起聊聊喜欢的电影,//space.bilibili.com/1749505056
阿呆说影,189,4,,//space.bilibili.com/383187900
憨憨说影,188,6,每天分享好看的影视祝大家天天开心谢谢关注?,//space.bilibili.com/1614804804
小斌说影,187,2,,//space.bilibili.com/643767964
忙说影视综,187,119,完整纯享及更多?动态置顶每日分享搞笑综艺、网剧感谢平台,//space.bilibili.com/473585875
小白熊说影,186,16,一部影片，一个故事。,//space.bilibili.com/1449811110
雨哥说影,182,65,,//space.bilibili.com/3546832886041049
飞越说影视,182,121,分享动物有趣故事，,//space.bilibili.com/2000151054
乐佳说影视,182,471,高兴就好,//space.bilibili.com/1408533591
情缘说影,181,7,主更火蓝刀锋，感兴趣的可以关注哈,//space.bilibili.com/3546661884267392
种子说影视,180,80,每天更新全网热门影视解说片段如有侵权联系删除,//space.bilibili.com/2116622285
小林说影视吖,180,3,,//space.bilibili.com/471085478
东东说影,180,19,喜欢up主的，点下关注呗！,//space.bilibili.com/384754831
狼哥说影,179,96,我是狼哥，欢迎关注，感谢平台，感谢支持,//space.bilibili.com/474738975
强哥说影,177,153,,//space.bilibili.com/3493079413688780
咖啡说影,177,79,每天分享好看的电影,//space.bilibili.com/1320595578
时光说影视,176,21,想你所想的影视制作者,//space.bilibili.com/57432920
说影先森,175,74,＞每日更新＞同样的电影，不一样的解说…＞感谢官方，支持正能量，坚持原创。＞谢谢大家的支持…,//space.bilibili.com/1543237021
大眼说影视,174,121,#分享一切美好的事物,//space.bilibili.com/141184800
宇晨説影,173,245,,//space.bilibili.com/1434944372
卫东说影,171,382,,//space.bilibili.com/3493105026206167
四方山说影,170,421,,//space.bilibili.com/1522229539
不会说影,170,204,用心做好每一部作品！,//space.bilibili.com/612061632
小侃说影吧,170,43,,//space.bilibili.com/485247021
草莓说影,169,11,,//space.bilibili.com/3493144517675183
荔枝说影视,169,15,影视剧解说,//space.bilibili.com/518004769
柒月说影,169,13,读电影，说故事,//space.bilibili.com/199899886
易说影视,168,266,感谢大家点赞和关注用心做好每一部影视讲好每一个影视故事,//space.bilibili.com/2088229531
叨叨说影,165,92,,//space.bilibili.com/3493261310167813
说影先森,175,74,＞每日更新＞同样的电影，不一样的解说…＞感谢官方，支持正能量，坚持原创。＞谢谢大家的支持…,//space.bilibili.com/1543237021
大眼说影视,174,121,#分享一切美好的事物,//space.bilibili.com/141184800
宇晨説影,173,245,,//space.bilibili.com/1434944372
卫东说影,171,382,,//space.bilibili.com/3493105026206167
四方山说影,170,421,,//space.bilibili.com/1522229539
不会说影,170,204,用心做好每一部作品！,//space.bilibili.com/612061632
小侃说影吧,170,43,,//space.bilibili.com/485247021
草莓说影,169,11,,//space.bilibili.com/3493144517675183
荔枝说影视,169,15,影视剧解说,//space.bilibili.com/518004769
柒月说影,169,13,读电影，说故事,//space.bilibili.com/199899886
易说影视,168,266,感谢大家点赞和关注用心做好每一部影视讲好每一个影视故事,//space.bilibili.com/2088229531
叨叨说影,165,92,,//space.bilibili.com/3493261310167813
可乐说影1,164,117,,//space.bilibili.com/1366890004
佑爸说影,162,227,,//space.bilibili.com/2020084595
潇潇说影,161,123,没有任何解说可以替代原片✨好电影值得你体验完整剧情✨尊重每一部作品每一位原创✨感谢您的关注感谢官方✨关注,//space.bilibili.com/3493127128091467
小管说影-,160,41,?点关注不迷路每天都有好剧看?感谢B站?感谢官方,//space.bilibili.com/3493279360354977
平平说影,160,184,,//space.bilibili.com/1914938041
阿爽说影,158,33,一段好的影评，分享趣味影视，就如高山流水，悠哉人生～,//space.bilibili.com/1741531189
让我们说影文,158,29,阿~！欧拉！阿尼亚哈哈一纳哭得撒比西！哈哈纳森摘扩以西！瓦库瓦库づづづづ,//space.bilibili.com/388950067
准圣说影,156,7,准圣说影,//space.bilibili.com/3493285656004920
影视会说影视,156,235,品味百剧人生，欢迎你的加入,//space.bilibili.com/2090410941
波叔说影视,155,163,谢谢你这么好看还来看我,//space.bilibili.com/3493137580296605
影君说影,155,994,,//space.bilibili.com/1608950162
猎奇说影,155,481,,//space.bilibili.com/1071912354
莉姐说影视,152,54,分享精彩刺激的国内外影视，喜欢的请关注一下吧！,//space.bilibili.com/589228362
Witht说影,151,340,,//space.bilibili.com/3493105479191495
树茂说影,150,12,,//space.bilibili.com/3493114744408116
Who説影視,149,86,,//space.bilibili.com/1726064496
逍遥丶说影视,149,79,一部影视，一段人生，一个故事。给你非凡的体验！?记得留下你小红心,//space.bilibili.com/344304986
麦果说影,148,43,案件，交通，纪录片，人物故事解说！案件中人名纯属虚构！如有雷同，纯属巧合！感谢各位朋友关注！,//space.bilibili.com/3546558779885781
结绳说影,148,54,一根根简单的绳子，就像我们连绵不断的思绪，怎样才能花式记录我们挚爱的影像？,//space.bilibili.com/483971719
小崔说影娱,147,507,动动你发财的小手点点关注,//space.bilibili.com/3546673691232896
斐凡说影,147,46,用斐凡的视角观影用斐凡的方式说影,//space.bilibili.com/1433877780
松宸说影,146,1,,//space.bilibili.com/3546719738399462
WJ说影,145,26,原创解说，搬运可耻！,//space.bilibili.com/1729689662
大伟说影视,142,214,喜剧动作类影视解说，不一样的影视，不一样的人生，欢迎大家评论交流,//space.bilibili.com/2079326128
莉姐说影视,152,54,分享精彩刺激的国内外影视，喜欢的请关注一下吧！,//space.bilibili.com/589228362
Witht说影,151,340,,//space.bilibili.com/3493105479191495
树茂说影,150,12,,//space.bilibili.com/3493114744408116
Who説影視,149,86,,//space.bilibili.com/1726064496
逍遥丶说影视,149,79,一部影视，一段人生，一个故事。给你非凡的体验！?记得留下你小红心,//space.bilibili.com/344304986
麦果说影,148,43,案件，交通，纪录片，人物故事解说！案件中人名纯属虚构！如有雷同，纯属巧合！感谢各位朋友关注！,//space.bilibili.com/3546558779885781
结绳说影,148,54,一根根简单的绳子，就像我们连绵不断的思绪，怎样才能花式记录我们挚爱的影像？,//space.bilibili.com/483971719
小崔说影娱,147,507,动动你发财的小手点点关注,//space.bilibili.com/3546673691232896
斐凡说影,147,46,用斐凡的视角观影用斐凡的方式说影,//space.bilibili.com/1433877780
松宸说影,146,1,,//space.bilibili.com/3546719738399462
WJ说影,145,26,原创解说，搬运可耻！,//space.bilibili.com/1729689662
大伟说影视,142,214,喜剧动作类影视解说，不一样的影视，不一样的人生，欢迎大家评论交流,//space.bilibili.com/2079326128
禾禾说影视,142,19,站在青春的夕阳下，感受着过往，留下浅浅的笑靥，这大概就是我们的狂欢过得青春。,//space.bilibili.com/592613675
小丑说影,141,52,就爱喝茶看电影，好电影与你分享。,//space.bilibili.com/2034758921
塔山说影,140,211,解说经典老剧，致敬经典,//space.bilibili.com/487454336
标哥说影,138,198,拯救不开心治愈每一天《搞笑一家人》连载中~,//space.bilibili.com/102831969
昂式说影,135,142,昂式说影，走一条独特的说影之路。,//space.bilibili.com/1083028636
分秒说影,134,354,,//space.bilibili.com/1037603344
子墨说影,132,8,为你拨开云雾，许你云上看景。,//space.bilibili.com/1014772594
半沙说影,131,9,,//space.bilibili.com/3546584149133609
老斑鸠说影,131,243,,//space.bilibili.com/3493258049095939
沙雕说影视,131,85,经典影视分享！只专注原创，拒绝抄袭！经典悬疑故事，喜欢可以留个关注！,//space.bilibili.com/700816040
大舌说影,131,121,一部电影，一部人生。用心解说每一部电影。,//space.bilibili.com/600548440
大黑天说影视,130,10,,//space.bilibili.com/1414454381
娱悦说影视,129,44,韩剧持续更新中……,//space.bilibili.com/1669694340
狗哥说影视,128,221,看狗哥电影，品魔幻人生。评论护体！！！,//space.bilibili.com/424129143
三水说影,127,5,,//space.bilibili.com/1695638807
輕説影视,127,82,每天给大家带来好看的电影解说,//space.bilibili.com/1445182665
寻梦-说影,125,8,树叶飞舞的地方，火就会燃烧,//space.bilibili.com/33925007
小柔侃剧说影I,124,78,喜欢的宝贝可以关注一下！UP持续更新,//space.bilibili.com/1116519495
阿昏说影,123,172,,//space.bilibili.com/1827274996
向猫说影视,123,198,,//space.bilibili.com/1634082897
慕楠说影,122,36,精彩影视解说,//space.bilibili.com/3546382960953698
串儿说影视,122,92,看影视品人生带你领略不一样的世界,//space.bilibili.com/1927643208
经典说影,121,22,,//space.bilibili.com/3546729095891206
陌倾说影,120,315,,//space.bilibili.com/3493105424664704
娱悦说影视,129,44,韩剧持续更新中……,//space.bilibili.com/1669694340
狗哥说影视,128,221,看狗哥电影，品魔幻人生。评论护体！！！,//space.bilibili.com/424129143
三水说影,127,5,,//space.bilibili.com/1695638807
輕説影视,127,82,每天给大家带来好看的电影解说,//space.bilibili.com/1445182665
寻梦-说影,125,8,树叶飞舞的地方，火就会燃烧,//space.bilibili.com/33925007
小柔侃剧说影I,124,78,喜欢的宝贝可以关注一下！UP持续更新,//space.bilibili.com/1116519495
阿昏说影,123,172,,//space.bilibili.com/1827274996
向猫说影视,123,198,,//space.bilibili.com/1634082897
慕楠说影,122,36,精彩影视解说,//space.bilibili.com/3546382960953698
串儿说影视,122,92,看影视品人生带你领略不一样的世界,//space.bilibili.com/1927643208
经典说影,121,22,,//space.bilibili.com/3546729095891206
陌倾说影,120,315,,//space.bilibili.com/3493105424664704
小代说影视,119,90,,//space.bilibili.com/3546589102607285
紫嫣说影,119,71,点赞关注不迷路,//space.bilibili.com/3493112083122346
月夜说影视,119,526,,//space.bilibili.com/2112414869
爆米花说影视,119,49,,//space.bilibili.com/1240118874
小C说影视,117,93,想看什么留言，快马加鞭剪辑,//space.bilibili.com/3493265322019624
小v说影视,117,40,,//space.bilibili.com/1417780073
阿鑫説影,117,461,,//space.bilibili.com/1107207275
百晓生说影,117,14,尝遍世间影视，品百味人生，一部影视，一部人生写照,//space.bilibili.com/414055659
晓帆说影视,116,7,,//space.bilibili.com/698240118
小樱说影视,116,28,带你了解最新的影视资讯,//space.bilibili.com/66448824
石头城说影,115,19,山围故国周遭在，潮打空城寂寞回。,//space.bilibili.com/3494356744932030
到新说影视,114,208,,//space.bilibili.com/1637559478
烁哥说影,113,638,互关呀~,//space.bilibili.com/3493109570735034
阿文说影5C8U,113,461,,//space.bilibili.com/1495806790
鑫鑫说影视,112,176,发布分享各类影视娱乐搞笑段子等作品给大家欣赏！欢迎大家和我一起交流，一起进步！,//space.bilibili.com/1737656649
露露说影,112,386,,//space.bilibili.com/1391781177
文解说影视,111,15,,//space.bilibili.com/3461576031996004
静君説影,111,296,,//space.bilibili.com/1388355240
大贺说影,111,21,爱生活，爱电影,//space.bilibili.com/1139471171
豆妈说影视,111,55,,//space.bilibili.com/1065003217
A六说影,111,10,?记录人间实事?️解说百态人生感谢官方?感谢关注?,//space.bilibili.com/691865189
暗星说影,111,16,关注一下这个可怜的杂食up吧,//space.bilibili.com/28537738
楠楠解说影视,110,61,,//space.bilibili.com/3493260947360423
功夫说影,109,236,,//space.bilibili.com/1924230053
烁哥说影,113,638,互关呀~,//space.bilibili.com/3493109570735034
阿文说影5C8U,113,461,,//space.bilibili.com/1495806790
鑫鑫说影视,112,176,发布分享各类影视娱乐搞笑段子等作品给大家欣赏！欢迎大家和我一起交流，一起进步！,//space.bilibili.com/1737656649
露露说影,112,386,,//space.bilibili.com/1391781177
文解说影视,111,15,,//space.bilibili.com/3461576031996004
静君説影,111,296,,//space.bilibili.com/1388355240
大贺说影,111,21,爱生活，爱电影,//space.bilibili.com/1139471171
豆妈说影视,111,55,,//space.bilibili.com/1065003217
A六说影,111,10,?记录人间实事?️解说百态人生感谢官方?感谢关注?,//space.bilibili.com/691865189
暗星说影,111,16,关注一下这个可怜的杂食up吧,//space.bilibili.com/28537738
楠楠解说影视,110,61,,//space.bilibili.com/3493260947360423
功夫说影,109,236,,//space.bilibili.com/1924230053
喵喵酱说影,109,39,感谢关注，代表月亮，谢谢你！,//space.bilibili.com/1056496443
老楊说影,109,34,,//space.bilibili.com/525454953
糖果说影视,108,30,影视剪辑解说,//space.bilibili.com/3546578579098054
木槿说影,108,46,,//space.bilibili.com/3546573642402204
KK说影K,108,38,喜欢我的作品的话记得一键三连呦～,//space.bilibili.com/384015534
说影巨人,108,10,一位专注于影视作品解说的巨人。,//space.bilibili.com/163374409
青衣说影,107,384,感谢关注，感谢点赞❤️好看的电影分享给好看的人,//space.bilibili.com/1683378973
流川说影,106,120,❤️终于终于等到你啦❤️带你看好看的电影呀❤️说好了，来了就不走咯,//space.bilibili.com/600435828
新一说影漫,105,5,,//space.bilibili.com/3493282487208351
薯条说影视,105,345,全职自媒体领域创作者给你们带来精彩的影视剪辑关注我看更多精彩影视解说,//space.bilibili.com/1165757548
约翰大叔的漫说影解,105,7,开心每一天！,//space.bilibili.com/1083864089
自原其说影视平台,104,9,,//space.bilibili.com/471898956
豫说影视,103,54,再好的解说也不如原片,//space.bilibili.com/397717259
疯猫说影,101,373,,//space.bilibili.com/1933454687
孤独说影视,99,50,挖掘呈现好的作品，感谢每一位观众对影片的喜爱,//space.bilibili.com/3546608608217702
小远说影,99,109,一个爱赚米的小白解说,//space.bilibili.com/3546578841242434
图图说影,99,6,电影是缩写的人生,//space.bilibili.com/3493259183654941
依然说影,99,53,,//space.bilibili.com/3493105393207359
解说影视出现,99,219,,//space.bilibili.com/2137448113
说影的大锤子,99,197,,//space.bilibili.com/1816518399
晓剑説影,99,382,,//space.bilibili.com/1100967937
Hero说影视,99,9,寻找光！追逐光！成为光！,//space.bilibili.com/185481101
栋哥说影视,98,1108,,//space.bilibili.com/3546380024941504
糖果説影,98,490,,//space.bilibili.com/1502436952
豫说影视,103,54,再好的解说也不如原片,//space.bilibili.com/397717259
疯猫说影,101,373,,//space.bilibili.com/1933454687
孤独说影视,99,50,挖掘呈现好的作品，感谢每一位观众对影片的喜爱,//space.bilibili.com/3546608608217702
小远说影,99,109,一个爱赚米的小白解说,//space.bilibili.com/3546578841242434
图图说影,99,6,电影是缩写的人生,//space.bilibili.com/3493259183654941
依然说影,99,53,,//space.bilibili.com/3493105393207359
解说影视出现,99,219,,//space.bilibili.com/2137448113
说影的大锤子,99,197,,//space.bilibili.com/1816518399
晓剑説影,99,382,,//space.bilibili.com/1100967937
Hero说影视,99,9,寻找光！追逐光！成为光！,//space.bilibili.com/185481101
栋哥说影视,98,1108,,//space.bilibili.com/3546380024941504
糖果説影,98,490,,//space.bilibili.com/1502436952
店长说影,98,9,时时分享电影电视剧供大家观看，如果喜欢请一键三连。你的支持就是我最大的动力，最后祝大家天天开心发大财！,//space.bilibili.com/388471674
咔啦说影,96,642,感谢喜欢和关注，点视频下方可看完整后续哦,//space.bilibili.com/3546858985098087
安徒说影,96,387,原创剪辑，感恩支持,//space.bilibili.com/1271884696
青桔说影视,96,55,野生影视博主|搬砖的闲暇做解说,//space.bilibili.com/312537189
悠悠说影视1,95,139,感谢官方，每天持续更新中-您的关注是我最大的动力,//space.bilibili.com/3546688457280431
布风说影,95,47,跟你说个事,//space.bilibili.com/404743242
七日说影1,94,118,,//space.bilibili.com/3493085602384228
倪瓒说影,93,9,伤心莫问前朝事，重上越王台。,//space.bilibili.com/3494356719765721
火牛说影视,93,44,五分钟一剪到底，非一般观影体验始于乐不止于乐，关注我有你好看,//space.bilibili.com/1260017146
阿泽君说影,92,49,,//space.bilibili.com/3546796896815996
雪瑶说影,92,13,,//space.bilibili.com/3493114794740669
鼎磊说影,92,9,,//space.bilibili.com/3493112743725776
小鸟说影视,92,65,疫情状态下的旅游从业人员，最新影视解说，专注影视解说，持续更新中！,//space.bilibili.com/1606637516
涛涛说影视,91,356,,//space.bilibili.com/3546830686128832
漫漫说影,91,15,漫画解说,//space.bilibili.com/2012773312
蛋哥説影,91,377,,//space.bilibili.com/1373375928
清泉说影,91,96,,//space.bilibili.com/35987850
蓝猫説影,90,341,,//space.bilibili.com/1540679240
哦买尬解说影视,89,71,,//space.bilibili.com/1385967503
恐怖说影视,88,6,商务(vx)9905841,//space.bilibili.com/2027665132
一休说影,88,22,大家好，我是蛙可盘点。我是一名在创业自媒体大学生。希望大家能多多支持我。我会带着大家每天开心快乐。,//space.bilibili.com/1020271052
小编说影视,88,2,小说全部经过授权！如有侵权请联系！全部为个人原创作品！如发现被人转载必究！谨防上当！,//space.bilibili.com/498512617
小M说影视,88,30,,//space.bilibili.com/487968963
小北说影,87,70,感谢你这么好看还关注我,//space.bilibili.com/3493103954561967
小鸟说影视,92,65,疫情状态下的旅游从业人员，最新影视解说，专注影视解说，持续更新中！,//space.bilibili.com/1606637516
涛涛说影视,91,356,,//space.bilibili.com/3546830686128832
漫漫说影,91,15,漫画解说,//space.bilibili.com/2012773312
蛋哥説影,91,377,,//space.bilibili.com/1373375928
清泉说影,91,96,,//space.bilibili.com/35987850
蓝猫説影,90,341,,//space.bilibili.com/1540679240
哦买尬解说影视,89,71,,//space.bilibili.com/1385967503
恐怖说影视,88,6,商务(vx)9905841,//space.bilibili.com/2027665132
一休说影,88,22,大家好，我是蛙可盘点。我是一名在创业自媒体大学生。希望大家能多多支持我。我会带着大家每天开心快乐。,//space.bilibili.com/1020271052
小编说影视,88,2,小说全部经过授权！如有侵权请联系！全部为个人原创作品！如发现被人转载必究！谨防上当！,//space.bilibili.com/498512617
小M说影视,88,30,,//space.bilibili.com/487968963
小北说影,87,70,感谢你这么好看还关注我,//space.bilibili.com/3493103954561967
魅野说影视,87,95,影视解说，展示鬼魅而狂野的故事。,//space.bilibili.com/2115899845
希希说影,87,515,,//space.bilibili.com/1974247838
影响说影,87,411,视频里游戏都有、微xach2024注明来意,//space.bilibili.com/1190067871
临风怀谢说影,86,11,江城如画里，山晓望晴空。两水夹明镜，双桥落彩虹。人烟寒橘柚，秋色老梧桐。谁念北楼上，临风怀谢公。,//space.bilibili.com/3494356711377645
静君说影v,86,23,认真解说电影,//space.bilibili.com/2083264582
小城解说影视,86,75,小丑的扮演者！分享更多精彩的影视解说,//space.bilibili.com/1646257221
小伟说影视,85,940,,//space.bilibili.com/1465123247
紫妹说影,84,169,,//space.bilibili.com/3546705603594699
子零说影,84,20,,//space.bilibili.com/2031726910
权威说影,84,118,喜欢追剧的小伙伴记得关注哦!,//space.bilibili.com/1159887800
晓说影视界,84,38,,//space.bilibili.com/441232190
犯叔说影v,83,45,,//space.bilibili.com/3493132100438423
古惑仔说影视,83,55,,//space.bilibili.com/2014342501
杰说影视,83,3,,//space.bilibili.com/5129143
小胖解说影视,82,13,听说点赞收藏会，逢考必过，逢凶化吉，好运连连，百毒不侵，心想事成，万事如意，事事顺心，永远开心，没有烦恼，越来越好。身体好，工作好，心情好！,//space.bilibili.com/179104874
看HT说影,81,54,?用独特的视角记录生活?用平凡故事感动心灵?承蒙关注点赞?如有侵权，请联系删除,//space.bilibili.com/3493145325079216
昆锐说影,81,19,,//space.bilibili.com/3493112091511758
微说影视,81,4,,//space.bilibili.com/383461409
小盼说影视V,80,52,感谢官方感谢哔哩哔哩感谢关注,//space.bilibili.com/1525469510
天地合说影,78,10,山无陵，江水为竭，冬雷震震，夏雨雪，天地合，乃敢与君绝！,//space.bilibili.com/3494356673628612
顶刘分华说影,78,230,每天定期的发布整理华仔相关的歌曲、影视、新闻等～，喜欢华仔的朋友们，可以关注我，这里有你想要的。,//space.bilibili.com/3493086023911778
晓广说影视,78,19,精彩影视剪辑分享，带给你视觉的享受与心灵的启发,//space.bilibili.com/2058227949
糖宝说影视,78,62,原创剪辑手机制作,//space.bilibili.com/1489301371
沐风说影视,78,129,热爱影视~治愈你我~,//space.bilibili.com/1255565210
古惑仔说影视,83,55,,//space.bilibili.com/2014342501
杰说影视,83,3,,//space.bilibili.com/5129143
小胖解说影视,82,13,听说点赞收藏会，逢考必过，逢凶化吉，好运连连，百毒不侵，心想事成，万事如意，事事顺心，永远开心，没有烦恼，越来越好。身体好，工作好，心情好！,//space.bilibili.com/179104874
看HT说影,81,54,?用独特的视角记录生活?用平凡故事感动心灵?承蒙关注点赞?如有侵权，请联系删除,//space.bilibili.com/3493145325079216
昆锐说影,81,19,,//space.bilibili.com/3493112091511758
微说影视,81,4,,//space.bilibili.com/383461409
小盼说影视V,80,52,感谢官方感谢哔哩哔哩感谢关注,//space.bilibili.com/1525469510
天地合说影,78,10,山无陵，江水为竭，冬雷震震，夏雨雪，天地合，乃敢与君绝！,//space.bilibili.com/3494356673628612
顶刘分华说影,78,230,每天定期的发布整理华仔相关的歌曲、影视、新闻等～，喜欢华仔的朋友们，可以关注我，这里有你想要的。,//space.bilibili.com/3493086023911778
晓广说影视,78,19,精彩影视剪辑分享，带给你视觉的享受与心灵的启发,//space.bilibili.com/2058227949
糖宝说影视,78,62,原创剪辑手机制作,//space.bilibili.com/1489301371
沐风说影视,78,129,热爱影视~治愈你我~,//space.bilibili.com/1255565210
7天说影视,77,58,原创剪辑‖欢迎观看关注小七‖一起暴富,//space.bilibili.com/3546748054145549
小柳说影视,77,68,,//space.bilibili.com/3493257289927216
明仔说影,77,59,,//space.bilibili.com/3493079751330157
雨晴说影视,77,77,谢谢你的关注，持续分享精彩内容,//space.bilibili.com/1594548657
火兔说影,76,534,,//space.bilibili.com/3546735959869785
锤子説影v,76,324,,//space.bilibili.com/1949526816
源爸说影,76,36,按喜好讲电影不定时断更因为要带俩娃我是好爸爸,//space.bilibili.com/1859801365
沐颜说影,76,461,,//space.bilibili.com/1570309560
老饕说影,76,36,,//space.bilibili.com/353255558
瞌睡凯说影视,74,1380,,//space.bilibili.com/3537125668555267
山长水远知何处说影,74,7,当时轻别意中人，山长水远知何处,//space.bilibili.com/3494356698794149
小松说影,74,8,曾经沧海难为水，除却巫山不是云。取次花丛懒回顾，半缘修道半缘君。,//space.bilibili.com/3494356671531385
夜寂静说影,74,8,夜寂静，寒声碎,//space.bilibili.com/3494355444697785
一心说影,74,11,持续更新，精彩不断,//space.bilibili.com/505374154
如愿解说影视,74,3,,//space.bilibili.com/504556684
甄不言说影,74,1125,,//space.bilibili.com/346489104
东扬説影,73,372,,//space.bilibili.com/1974641909
黑牛说影,73,499,,//space.bilibili.com/1924177008
小蔡说影视,73,47,,//space.bilibili.com/1650308783
唐唐説影,73,385,,//space.bilibili.com/1117631933
寻梦说影,73,16,,//space.bilibili.com/359372775
茶茶说影,72,1,每天分享精彩影视,//space.bilibili.com/3493262063045515
WJ説影,72,333,,//space.bilibili.com/1503161451
吾爱说影,72,57,?每天分享高分美剧?每集一个小故事?喜欢的就来个三连加关注哦你的支持永远是我的动力,//space.bilibili.com/320133355
夜寂静说影,74,8,夜寂静，寒声碎,//space.bilibili.com/3494355444697785
一心说影,74,11,持续更新，精彩不断,//space.bilibili.com/505374154
如愿解说影视,74,3,,//space.bilibili.com/504556684
甄不言说影,74,1125,,//space.bilibili.com/346489104
东扬説影,73,372,,//space.bilibili.com/1974641909
黑牛说影,73,499,,//space.bilibili.com/1924177008
小蔡说影视,73,47,,//space.bilibili.com/1650308783
唐唐説影,73,385,,//space.bilibili.com/1117631933
寻梦说影,73,16,,//space.bilibili.com/359372775
茶茶说影,72,1,每天分享精彩影视,//space.bilibili.com/3493262063045515
WJ説影,72,333,,//space.bilibili.com/1503161451
吾爱说影,72,57,?每天分享高分美剧?每集一个小故事?喜欢的就来个三连加关注哦你的支持永远是我的动力,//space.bilibili.com/320133355
空空说影视,71,2,,//space.bilibili.com/3546559656495522
张耒说影,71,8,国亡身殒今何有，只留离骚在世间。,//space.bilibili.com/3494356744932171
寻白羽说影,71,10,林暗草惊风，将军夜引弓。平明寻白羽，没在石棱中。,//space.bilibili.com/3494356709279971
咏史说影,70,8,三百年间同晓梦，钟山何处有龙盘。,//space.bilibili.com/3494356723960410
考拉木说影,70,370,,//space.bilibili.com/2140503239
腾飞哥说影视,70,100,承蒙厚爱，感谢关注！,//space.bilibili.com/1875484318
玉哥说影视,69,3,"""探索电影世界的无尽魅力，用文字为你解读每一帧情节""",//space.bilibili.com/1421868689
坤哥说影视,69,21,????：给我一分钟，我让你爱上我❎是爱上一部电影啦????：最新最热高评电影影视????：每日更新承蒙关注❤️：期待留言交流投稿,//space.bilibili.com/507919730
西塞山说影,68,6,千寻铁锁沉江底，一片降幡出石头,//space.bilibili.com/3494356742834705
短歌行说影,68,10,对酒当歌，人生几何！譬如朝露，去日苦多,//space.bilibili.com/3494356671531412
小飞象说影,68,306,,//space.bilibili.com/3493142120630814
野火説影,68,319,,//space.bilibili.com/1492443293
朝花夕拾说影视,68,83,持续安利肖战，持续更新，每一点的点赞跟关注，都是对我的鼓励，对肖战的支持！可以不爱，但请别伤害！生而为人，劝你善良！不要用言语去攻击人请善良,//space.bilibili.com/1011071631
胡图说影,68,56,,//space.bilibili.com/524219456
体会到说影,67,23,,//space.bilibili.com/3493113687443776
提子说影视,67,79,每天分享好看的经典电视剧，希望大家会喜欢,//space.bilibili.com/1854931249
婉儿说影,67,24,,//space.bilibili.com/1765651138
小和说影视,67,213,这是一个喜欢从不一样角度解说电影、电视剧的解说人，每天更新，点关注不迷路。,//space.bilibili.com/1077435295
星仔说影,67,52,好的电影！好的平台！好的分享！好的你,//space.bilibili.com/1002422778
小金豆说影视,66,136,,//space.bilibili.com/3546830205880894
东条夏说影,66,9,夹岸数百步，中无杂树，芳草鲜美，落英缤纷,//space.bilibili.com/3494356679919948
小浩说影,66,15,,//space.bilibili.com/3493113173641277
小机灵说影视,66,758,,//space.bilibili.com/1847747988
听风来説影,66,424,,//space.bilibili.com/1663066960
朝花夕拾说影视,68,83,持续安利肖战，持续更新，每一点的点赞跟关注，都是对我的鼓励，对肖战的支持！可以不爱，但请别伤害！生而为人，劝你善良！不要用言语去攻击人请善良,//space.bilibili.com/1011071631
胡图说影,68,56,,//space.bilibili.com/524219456
体会到说影,67,23,,//space.bilibili.com/3493113687443776
提子说影视,67,79,每天分享好看的经典电视剧，希望大家会喜欢,//space.bilibili.com/1854931249
婉儿说影,67,24,,//space.bilibili.com/1765651138
小和说影视,67,213,这是一个喜欢从不一样角度解说电影、电视剧的解说人，每天更新，点关注不迷路。,//space.bilibili.com/1077435295
星仔说影,67,52,好的电影！好的平台！好的分享！好的你,//space.bilibili.com/1002422778
小金豆说影视,66,136,,//space.bilibili.com/3546830205880894
东条夏说影,66,9,夹岸数百步，中无杂树，芳草鲜美，落英缤纷,//space.bilibili.com/3494356679919948
小浩说影,66,15,,//space.bilibili.com/3493113173641277
小机灵说影视,66,758,,//space.bilibili.com/1847747988
听风来説影,66,424,,//space.bilibili.com/1663066960
五办公会说影,65,19,,//space.bilibili.com/3493114348047272
北宫说影,65,2,导演，编剧，主持人，演员，模特,//space.bilibili.com/20692372
潘潘说影,64,76,,//space.bilibili.com/3546384080833473
白毛浮绿水说影,64,8,鹅鹅鹅，曲项向天歌。白毛浮绿水，红掌拨清波,//space.bilibili.com/3494356143049411
小图说影视本人,64,73,慢慢变好，慢慢得变优秀,//space.bilibili.com/3493080139303352
听峰说影,63,26,感谢官方平台的支持感谢大家的关注每天更新百万好剧带大家品味百味人生,//space.bilibili.com/3537114025167157
龙哥解说影视a,63,68,持续更新精心制作,//space.bilibili.com/3493078790835100
熊猫说影视3,62,324,一部电影，一段人生,//space.bilibili.com/1779284414
小北说影视,62,12,影视天地小北陪你聊聊电视局小北陪你说说电影让无聊的时间点有聊,//space.bilibili.com/618540470
随风说影剧,61,20,,//space.bilibili.com/3537118729079219
重城不见说影,61,10,更回首、重城不见，寒江天外，隐隐...,//space.bilibili.com/3494355325159583
豆腐干豆腐说影,61,15,,//space.bilibili.com/3493114245286706
小晴说影视,61,38,❤️感恩和你遇见！❤️感谢宝宝支持！,//space.bilibili.com/3493113851021996
大东说影,61,50,,//space.bilibili.com/1356469884
酱驴説影,60,416,,//space.bilibili.com/1091463871
涛哥说影视,59,26,,//space.bilibili.com/2079654053
旭旭说影视,59,378,,//space.bilibili.com/2040826812
学锋说影视,59,5,,//space.bilibili.com/1657079303
陈陈说影视,59,61,人生如剧，剧如人生！分享经典影视剧，体验不一样的人生真谛！你的每一个点赞，都是对原创最大的支持！,//space.bilibili.com/476915333
墨兰说影,59,14,有志者，事竟成，破斧沉舟，百二秦关终属楚。苦心人，天不负，卧薪尝胆，三千越甲可吞吴。,//space.bilibili.com/472867064
小贞说影,59,24,用最短的时间，看最过瘾的电影！,//space.bilibili.com/396651347
天上人说影,58,8,天门中断楚江开，碧水东流至此回。两岸青山相对出，孤帆一片日边来。,//space.bilibili.com/3494356711376950
桦波说影,58,20,,//space.bilibili.com/3493112626284829
非说影视,58,20,看懂每一部电影，讲好每一个故事，学有所思，做有所成。,//space.bilibili.com/613073612
小晴说影视,61,38,❤️感恩和你遇见！❤️感谢宝宝支持！,//space.bilibili.com/3493113851021996
大东说影,61,50,,//space.bilibili.com/1356469884
酱驴説影,60,416,,//space.bilibili.com/1091463871
涛哥说影视,59,26,,//space.bilibili.com/2079654053
旭旭说影视,59,378,,//space.bilibili.com/2040826812
学锋说影视,59,5,,//space.bilibili.com/1657079303
陈陈说影视,59,61,人生如剧，剧如人生！分享经典影视剧，体验不一样的人生真谛！你的每一个点赞，都是对原创最大的支持！,//space.bilibili.com/476915333
墨兰说影,59,14,有志者，事竟成，破斧沉舟，百二秦关终属楚。苦心人，天不负，卧薪尝胆，三千越甲可吞吴。,//space.bilibili.com/472867064
小贞说影,59,24,用最短的时间，看最过瘾的电影！,//space.bilibili.com/396651347
天上人说影,58,8,天门中断楚江开，碧水东流至此回。两岸青山相对出，孤帆一片日边来。,//space.bilibili.com/3494356711376950
桦波说影,58,20,,//space.bilibili.com/3493112626284829
非说影视,58,20,看懂每一部电影，讲好每一个故事，学有所思，做有所成。,//space.bilibili.com/613073612
云云说影,57,372,,//space.bilibili.com/3493134067567170
阿粒说影,57,150,神评段子分享，喜欢的话点赞关注！素材来源网络，若侵则删,//space.bilibili.com/1434710352
空空说影,57,25,没什么特殊才艺，给你们解说个电影吧！,//space.bilibili.com/1086528655
三生说影,57,2,,//space.bilibili.com/404626079
悟空解说影视,57,37,专注于影视解说，偶尔也娱乐八卦一下，感谢关注。,//space.bilibili.com/302500123
赵哥说影视,56,485,,//space.bilibili.com/700262343
醒醒说影,56,25,,//space.bilibili.com/495842787
文忠说影,55,18,,//space.bilibili.com/3493114666814035
大郎说影a,54,99,大郎不卖烧饼了，来给大家讲电影啦，深扒人性的电影界帅小伙，持续更新中，欢迎常来呦！,//space.bilibili.com/3493076458801187
Guy说影视,54,3,这家伙很懒，不知什么时候投稿~~,//space.bilibili.com/1213868466
捕风说影08,53,315,,//space.bilibili.com/2144216289
辣条说影,53,106,用心讲解每一部作品,//space.bilibili.com/1843018294
月亮湾说影,53,6,谢谢你那么好看还关注了我,//space.bilibili.com/1581765985
熊猫说影视,53,34,,//space.bilibili.com/520248929
成哥说影,53,459,说影视故事，谈镜头趣事，评中外影坛，看成哥说影,//space.bilibili.com/492096743
无忧说影,52,77,,//space.bilibili.com/3546705368713370
宝儿姐说影,52,1,,//space.bilibili.com/3546662316280085
马踏说影,52,991,,//space.bilibili.com/1777037378
小白云说影视,51,2819,,//space.bilibili.com/1908823163
东西南北说影视,51,37,精编影视内容，让你节约时间看剧。,//space.bilibili.com/1174242072
雷子说影,51,32,科幻悬疑惊悚玄幻类型电影解说感谢您的观看点赞关注精彩影片持续更新中,//space.bilibili.com/1153712209
天智宇起说影视,51,11,影评能让你的生命体验丰富三倍，人能更珍惜地过好这人生。,//space.bilibili.com/492549661
苑楠说影,50,8,,//space.bilibili.com/3493114740213913
月关说影视,50,67,,//space.bilibili.com/1808043582
月亮湾说影,53,6,谢谢你那么好看还关注了我,//space.bilibili.com/1581765985
熊猫说影视,53,34,,//space.bilibili.com/520248929
成哥说影,53,459,说影视故事，谈镜头趣事，评中外影坛，看成哥说影,//space.bilibili.com/492096743
无忧说影,52,77,,//space.bilibili.com/3546705368713370
宝儿姐说影,52,1,,//space.bilibili.com/3546662316280085
马踏说影,52,991,,//space.bilibili.com/1777037378
小白云说影视,51,2819,,//space.bilibili.com/1908823163
东西南北说影视,51,37,精编影视内容，让你节约时间看剧。,//space.bilibili.com/1174242072
雷子说影,51,32,科幻悬疑惊悚玄幻类型电影解说感谢您的观看点赞关注精彩影片持续更新中,//space.bilibili.com/1153712209
天智宇起说影视,51,11,影评能让你的生命体验丰富三倍，人能更珍惜地过好这人生。,//space.bilibili.com/492549661
苑楠说影,50,8,,//space.bilibili.com/3493114740213913
月关说影视,50,67,,//space.bilibili.com/1808043582
壳哥说影,49,22,看别人的故事，想自己的人生！,//space.bilibili.com/1966830944
老张说影,49,93,喜欢点个关注！感谢大家，感谢官方！,//space.bilibili.com/1647948942
劲霸说影视,49,74,爱旅游，爱美食，爱美女,//space.bilibili.com/448355063
先锋说影视,48,78,,//space.bilibili.com/3493093336681024
明佳说影视,48,109,,//space.bilibili.com/3493089746356719
鹅要说影视V,48,108,认真说电影,//space.bilibili.com/1289298091
喵酱说影视,48,41,磕剧，磕颜，嗑糖,//space.bilibili.com/454767658
皓然说影,47,67,,//space.bilibili.com/2136961092
门艾钗符关何事说影,46,7,门艾钗符关何事，付与痴儿騃女。耳不听、湖边鼍鼓。独炷炉香薰衣润,//space.bilibili.com/3494355467766673
潜龙说影,46,17,,//space.bilibili.com/3493114673104954
巨咖说影,46,16,专注于电影解说大家多多关注点赞,//space.bilibili.com/3493083788347946
佩琪说影视,46,1044,,//space.bilibili.com/2038145599
麦兜说影,46,97,看精彩电影品百味人生,//space.bilibili.com/1904186547
梅子说影视,46,25,爱追剧,//space.bilibili.com/1110026161
道听途说_影视解说,46,31,动动小手点个关注吧每天都更新精彩视频哦！素材来源于网络，如有侵权会立即删除,//space.bilibili.com/614684651
小航说影视,46,17,,//space.bilibili.com/554913396
黑子说影,46,2,视频剪辑，求点赞，求关注，求投币(๑`･ᴗ･´๑),//space.bilibili.com/427468008
萨诗说影游,45,5,互动影游爱好者。来自中国香港，为了练习普通话而做视频的UP主。持续更新，感谢关注。,//space.bilibili.com/3546791213534068
维斯说影视,45,70,说经典影视，看世间百态。,//space.bilibili.com/1992437870
黑哥说影,45,22,一部电影，一个故事每天更新，感谢支持！,//space.bilibili.com/1256616605
浩哥说影,45,13,不一样的解说?不一样的体验?,//space.bilibili.com/455194221
小城说影,44,33,持续更新中,//space.bilibili.com/3546602430007991
小橙说影视,44,64,祝大家新年快乐！!！,//space.bilibili.com/3546579371821776
凯德安说影视,44,9,,//space.bilibili.com/3494356702989108
麦兜说影,46,97,看精彩电影品百味人生,//space.bilibili.com/1904186547
梅子说影视,46,25,爱追剧,//space.bilibili.com/1110026161
道听途说_影视解说,46,31,动动小手点个关注吧每天都更新精彩视频哦！素材来源于网络，如有侵权会立即删除,//space.bilibili.com/614684651
小航说影视,46,17,,//space.bilibili.com/554913396
黑子说影,46,2,视频剪辑，求点赞，求关注，求投币(๑`･ᴗ･´๑),//space.bilibili.com/427468008
萨诗说影游,45,5,互动影游爱好者。来自中国香港，为了练习普通话而做视频的UP主。持续更新，感谢关注。,//space.bilibili.com/3546791213534068
维斯说影视,45,70,说经典影视，看世间百态。,//space.bilibili.com/1992437870
黑哥说影,45,22,一部电影，一个故事每天更新，感谢支持！,//space.bilibili.com/1256616605
浩哥说影,45,13,不一样的解说?不一样的体验?,//space.bilibili.com/455194221
小城说影,44,33,持续更新中,//space.bilibili.com/3546602430007991
小橙说影视,44,64,祝大家新年快乐！!！,//space.bilibili.com/3546579371821776
凯德安说影视,44,9,,//space.bilibili.com/3494356702989108
更多是说影,44,17,,//space.bilibili.com/3493114335463832
施风说影,44,13,,//space.bilibili.com/3493113739872490
弗雷达说影,44,7,,//space.bilibili.com/2059353738
飞猫说影,44,12,专注动漫，奥特曼原创解说。,//space.bilibili.com/2049912420
长乐说影,44,13,影视解说，精彩不断。,//space.bilibili.com/1964216845
啊健说影视,44,41,你关注的速度就是我更新的速度带你们观看监狱里的奇葩事件,//space.bilibili.com/1460839425
野火说影,44,43,某音同博主：火火,//space.bilibili.com/1372204120
芬恩说影视,44,14,挖掘电影的幕后故事，感兴趣的可以关注我,//space.bilibili.com/1329315498
颂说影视,44,103,解读自己的观影观剧报告,//space.bilibili.com/501652040
甜橙小说影剧,44,8,全文:tczy5655,//space.bilibili.com/11811758
山映斜阳天接水说影,43,8,山映斜阳天接水，芳草无情，更在斜阳外,//space.bilibili.com/3494355438406512
豆芽说影,43,309,,//space.bilibili.com/3493141936081654
子洋说影,43,1,一个野生的影视解说博主！,//space.bilibili.com/1801071823
粥粥说影视,43,16,偷偷努力吧，我们一定会被自己惊艳到的。没有人可以阻碍我们的成长。,//space.bilibili.com/1633207042
大飞哥说影视,43,50,专注影视类解说，带给你不一样的观影体验,//space.bilibili.com/1469922400
毒狗说影,43,25,解说影视精彩时刻,//space.bilibili.com/670553405
司马说影,43,54,不忘初心，方得始终原创剪辑，持续更新,//space.bilibili.com/471864872
宇宇说影视,42,382,,//space.bilibili.com/3546833630529706
小龙头说影,42,22,看电影！品故事！懂人生。,//space.bilibili.com/3546581674494286
铭泽说影,42,10,经典电影赏析原创解说,//space.bilibili.com/3461579462937128
大峰说影视,42,137,看电影可以丰富你的人生,//space.bilibili.com/1581509804
金舌说影,42,20,看精彩影视，品百味人生！专注影视解说，影视分享。,//space.bilibili.com/1353913269
崔哥说影,42,3,一部电影，一段人生。,//space.bilibili.com/526743940
笑笑说影视,42,20,你的宝藏电影解说坚持原创杜绝搬运,//space.bilibili.com/491455348
子洋说影,43,1,一个野生的影视解说博主！,//space.bilibili.com/1801071823
粥粥说影视,43,16,偷偷努力吧，我们一定会被自己惊艳到的。没有人可以阻碍我们的成长。,//space.bilibili.com/1633207042
大飞哥说影视,43,50,专注影视类解说，带给你不一样的观影体验,//space.bilibili.com/1469922400
毒狗说影,43,25,解说影视精彩时刻,//space.bilibili.com/670553405
司马说影,43,54,不忘初心，方得始终原创剪辑，持续更新,//space.bilibili.com/471864872
宇宇说影视,42,382,,//space.bilibili.com/3546833630529706
小龙头说影,42,22,看电影！品故事！懂人生。,//space.bilibili.com/3546581674494286
铭泽说影,42,10,经典电影赏析原创解说,//space.bilibili.com/3461579462937128
大峰说影视,42,137,看电影可以丰富你的人生,//space.bilibili.com/1581509804
金舌说影,42,20,看精彩影视，品百味人生！专注影视解说，影视分享。,//space.bilibili.com/1353913269
崔哥说影,42,3,一部电影，一段人生。,//space.bilibili.com/526743940
笑笑说影视,42,20,你的宝藏电影解说坚持原创杜绝搬运,//space.bilibili.com/491455348
独立说影视,42,36,爱好影视的it男,//space.bilibili.com/316012423
宇豪说影,41,124,感谢官方，每天持续更新中-您的关注是我最大的动力,//space.bilibili.com/3493286077532173
大头鱼说影,41,21,,//space.bilibili.com/3493113744067532
汽球说影视,41,333,与大家一起分享精彩的影视剧,//space.bilibili.com/690859729
锅锅说影,41,32,,//space.bilibili.com/499447546
小乔说影视no1,41,21,关注我，观看更多精彩内容,//space.bilibili.com/485324983
友友说影,40,87,看影视片段追全剧,//space.bilibili.com/3493090635549569
久久萌猫说影视,40,47,一个爱说恐怖电影的解说者！每周不定时更新！进主页里有更多精彩！感谢各位关注！,//space.bilibili.com/1346086663
七月说影视V,40,96,每日更新，感谢关注！,//space.bilibili.com/1152237490
阿苏说影,40,26,畅谈纪录片，戳中内心讲述最真实的故事欢迎发表你的感受,//space.bilibili.com/1013875142
流沙说影,40,23,,//space.bilibili.com/281022552
浩北说影,39,172,,//space.bilibili.com/3546390789622614
大飞说影视,39,11,持续输出更优质正能量作品！,//space.bilibili.com/3493118896769797
宁说影视,39,5,本人只有一个账号,//space.bilibili.com/1882405381
多哈素说影视,39,7,,//space.bilibili.com/1623907115
小美说影,39,66,,//space.bilibili.com/328618613
小Z说影,38,3,带你走进电影世界，全网同名，搬运必究,//space.bilibili.com/3546927838792616
金羲说影,38,13,,//space.bilibili.com/3493114773768419
隔断柜说影,38,20,,//space.bilibili.com/3493114337561196
小果果说影视,38,324,,//space.bilibili.com/3493077196998684
重骑说影,38,24,每天都更好一点，感谢每一位观众,//space.bilibili.com/2101490865
鸣哥说影视,38,4,,//space.bilibili.com/1682713931
值得说影,38,13,值得电影，值得一说。,//space.bilibili.com/1363224789
老杨说影视,38,108,如果人生是一场旅途，我愿一路虔诚，关注我了解更多影视,//space.bilibili.com/1214862429
大飞说影视,39,11,持续输出更优质正能量作品！,//space.bilibili.com/3493118896769797
宁说影视,39,5,本人只有一个账号,//space.bilibili.com/1882405381
多哈素说影视,39,7,,//space.bilibili.com/1623907115
小美说影,39,66,,//space.bilibili.com/328618613
小Z说影,38,3,带你走进电影世界，全网同名，搬运必究,//space.bilibili.com/3546927838792616
金羲说影,38,13,,//space.bilibili.com/3493114773768419
隔断柜说影,38,20,,//space.bilibili.com/3493114337561196
小果果说影视,38,324,,//space.bilibili.com/3493077196998684
重骑说影,38,24,每天都更好一点，感谢每一位观众,//space.bilibili.com/2101490865
鸣哥说影视,38,4,,//space.bilibili.com/1682713931
值得说影,38,13,值得电影，值得一说。,//space.bilibili.com/1363224789
老杨说影视,38,108,如果人生是一场旅途，我愿一路虔诚，关注我了解更多影视,//space.bilibili.com/1214862429
大为说影,37,107,喜欢电影！热爱生活！,//space.bilibili.com/3546590379772522
彤轩说影,37,13,,//space.bilibili.com/3493112722754472
阿萧说影视,37,63,一个搞笑的人,//space.bilibili.com/1842545579
团团说影shi,37,200,,//space.bilibili.com/1666700583
多说影视,37,20,提供电影、电视剧解说，持续更新。感谢支持！,//space.bilibili.com/1650544289
华仔说影,37,27,,//space.bilibili.com/1519620349
乱说影视M,36,25,,//space.bilibili.com/3546905915165561
咕子说影,36,279,,//space.bilibili.com/3546787719677974
小染说影,36,35,,//space.bilibili.com/3546596230826687
今夜说影,36,3,梦想是剪完一万部影视作品,//space.bilibili.com/3546391836100628
求生说影视,36,69,,//space.bilibili.com/1979203554
俊宇说影视,36,2,用心做视频，有温度，有风度。,//space.bilibili.com/611085934
小龙说影,35,11,,//space.bilibili.com/3493113188321583
旭哥说影,35,9,感谢关注与信任，每天更新精彩幕后故事。,//space.bilibili.com/1861644181
田田说影,35,109,以后的小窝,//space.bilibili.com/1568649022
小杨说影剧,35,9,,//space.bilibili.com/549331477
白龙说影,35,3,我是那种又菜又爱玩的那种人。高手绕道，我只是新手兴趣爱好。感谢各位朋友支持，不为播放只是想坚持学习！,//space.bilibili.com/517799988
啊杨说影视,35,1,关注我带你看更多的影视巨作。,//space.bilibili.com/515893939
悦悦说影视,35,76,,//space.bilibili.com/405023417
七年说影,34,4,,//space.bilibili.com/3546583939418627
影虫说影,34,9,电影即人生,//space.bilibili.com/3493261087869345
栖居说影视,34,101,,//space.bilibili.com/1874026240
祺哥说影,34,30,,//space.bilibili.com/1432928391
飞翔说影,34,58,,//space.bilibili.com/637782294
小龙说影,35,11,,//space.bilibili.com/3493113188321583
旭哥说影,35,9,感谢关注与信任，每天更新精彩幕后故事。,//space.bilibili.com/1861644181
田田说影,35,109,以后的小窝,//space.bilibili.com/1568649022
小杨说影剧,35,9,,//space.bilibili.com/549331477
白龙说影,35,3,我是那种又菜又爱玩的那种人。高手绕道，我只是新手兴趣爱好。感谢各位朋友支持，不为播放只是想坚持学习！,//space.bilibili.com/517799988
啊杨说影视,35,1,关注我带你看更多的影视巨作。,//space.bilibili.com/515893939
悦悦说影视,35,76,,//space.bilibili.com/405023417
七年说影,34,4,,//space.bilibili.com/3546583939418627
影虫说影,34,9,电影即人生,//space.bilibili.com/3493261087869345
栖居说影视,34,101,,//space.bilibili.com/1874026240
祺哥说影,34,30,,//space.bilibili.com/1432928391
飞翔说影,34,58,,//space.bilibili.com/637782294
多多说影,34,41,,//space.bilibili.com/593705987
承说影视,34,42,,//space.bilibili.com/437915932
嘉惠说影视,33,368,,//space.bilibili.com/3546831134919440
北北说影视,33,355,,//space.bilibili.com/3546830686128944
bili夜半说影,33,82,可教学,//space.bilibili.com/3546728902953159
范叔说影,33,174,用最通俗易懂的话，带你去看那些奇奇怪怪的好电影！,//space.bilibili.com/3546374146624244
大乖说影视x,33,32,,//space.bilibili.com/3493263426193804
用户可以说影,33,16,,//space.bilibili.com/3493114650037135
第三个说影,33,22,,//space.bilibili.com/3493114339657792
运铭说影视6,33,21,运铭80后，独立剪辑师，丰富人生,//space.bilibili.com/3493088251087645
正在说影视,33,61,,//space.bilibili.com/1833515088
亮仔说影视,33,64,给你一个不一样的影视视听,//space.bilibili.com/518121792
细说影视,33,11,感谢官方！感谢您的关注！人生如戏，戏如人生！每天更新好影视作品！,//space.bilibili.com/473230934
加菲说影视,33,32,定期持续更新一起欣赏更多精彩影视,//space.bilibili.com/390711572
牛哥哥说影,32,1108,,//space.bilibili.com/3546379987192492
南派说影,32,4,,//space.bilibili.com/2134380737
小高说影视,32,31,,//space.bilibili.com/2060643329
异说影视,32,5,关注我，看更多精彩影视！,//space.bilibili.com/1917980392
三金说影,32,11,每一帧都是热爱,//space.bilibili.com/347931534
L小刘说影视,31,213,,//space.bilibili.com/3546595907865421
泽坤说影,31,51,侠义看世界，大度行江湖,//space.bilibili.com/3494375902415302
孝文说影,31,48,,//space.bilibili.com/3493105498065610
正经说影1,31,42,,//space.bilibili.com/3461579735567045
老蒯说影视,31,44,世外桃源,//space.bilibili.com/2134631248
细说影视,33,11,感谢官方！感谢您的关注！人生如戏，戏如人生！每天更新好影视作品！,//space.bilibili.com/473230934
加菲说影视,33,32,定期持续更新一起欣赏更多精彩影视,//space.bilibili.com/390711572
牛哥哥说影,32,1108,,//space.bilibili.com/3546379987192492
南派说影,32,4,,//space.bilibili.com/2134380737
小高说影视,32,31,,//space.bilibili.com/2060643329
异说影视,32,5,关注我，看更多精彩影视！,//space.bilibili.com/1917980392
三金说影,32,11,每一帧都是热爱,//space.bilibili.com/347931534
L小刘说影视,31,213,,//space.bilibili.com/3546595907865421
泽坤说影,31,51,侠义看世界，大度行江湖,//space.bilibili.com/3494375902415302
孝文说影,31,48,,//space.bilibili.com/3493105498065610
正经说影1,31,42,,//space.bilibili.com/3461579735567045
老蒯说影视,31,44,世外桃源,//space.bilibili.com/2134631248
彤彤现在说影视,31,12,哎呀呀呀，,//space.bilibili.com/1944482428
木易说影剧,31,33,,//space.bilibili.com/1802839315
小峰哥说影视,31,20,,//space.bilibili.com/662559166
范范说影视,30,371,,//space.bilibili.com/3546830684031615
戴珊说影,30,17,,//space.bilibili.com/3493113735678892
一豆说影视,30,43,,//space.bilibili.com/3493091942074606
朋仔说影视,30,55,❤️热爱影视热爱生活❤️❤️人生总有太多惊奇的相遇❤️,//space.bilibili.com/3493081915590797
细说影视剧,30,8,为大家带来各种电视剧的解说，希望大家喜欢,//space.bilibili.com/607627691
小辉说影,30,3,土生土长湖北人，爱好老电影，篮球，听歌，谢谢大家关注,//space.bilibili.com/575764045
沼佳说影视,30,75,讲述精彩剧集，分享百味生活,//space.bilibili.com/327830137
皮蛋解说影视,29,1325,,//space.bilibili.com/3546752384764595
启凡说影,29,10,,//space.bilibili.com/3546561906740157
月亮说影呀,29,41,解说全球童年动画,//space.bilibili.com/3537107366709970
胜多负少说影,29,18,,//space.bilibili.com/3493114337560725
鼎瀚说影,29,23,,//space.bilibili.com/3493111684663427
白素说影,29,45,,//space.bilibili.com/3493105485482110
冰冰说影,29,89,谢谢“你”，在这世界的角落，找到了“我”,//space.bilibili.com/3493076033079623
大头说影,29,24,电影电视剧纪录片解说,//space.bilibili.com/1895904939
金鱼说影视1,29,9,每日更新精彩影视,//space.bilibili.com/448304769
夜夜说影视,29,38,我只是一个平凡而热情的追剧人,//space.bilibili.com/273750621
胡桃说影视,28,54,,//space.bilibili.com/3546373576198180
韵棋说影,28,10,,//space.bilibili.com/3493112718559976
虎哥说影本人,28,83,,//space.bilibili.com/3493080166566643
拾光说影,28,29,,//space.bilibili.com/1831991510
月亮说影呀,29,41,解说全球童年动画,//space.bilibili.com/3537107366709970
胜多负少说影,29,18,,//space.bilibili.com/3493114337560725
鼎瀚说影,29,23,,//space.bilibili.com/3493111684663427
白素说影,29,45,,//space.bilibili.com/3493105485482110
冰冰说影,29,89,谢谢“你”，在这世界的角落，找到了“我”,//space.bilibili.com/3493076033079623
大头说影,29,24,电影电视剧纪录片解说,//space.bilibili.com/1895904939
金鱼说影视1,29,9,每日更新精彩影视,//space.bilibili.com/448304769
夜夜说影视,29,38,我只是一个平凡而热情的追剧人,//space.bilibili.com/273750621
胡桃说影视,28,54,,//space.bilibili.com/3546373576198180
韵棋说影,28,10,,//space.bilibili.com/3493112718559976
虎哥说影本人,28,83,,//space.bilibili.com/3493080166566643
拾光说影,28,29,,//space.bilibili.com/1831991510
阿夕说影视,28,42,看剧，追电影，解说影视人生,//space.bilibili.com/1491864464
众贤说影,28,57,看好戏不断品人生百态,//space.bilibili.com/1368127430
竹林说影,28,8,光影世界，与善同行,//space.bilibili.com/1024142987
流川枫说影,27,7,天生我材必有用，千金散尽还复来,//space.bilibili.com/3494356027706261
明眸说影视,27,9,,//space.bilibili.com/3494355566332700
旋风解说影视,27,252,,//space.bilibili.com/3493117648964328
杰霄说影,27,11,,//space.bilibili.com/3493114679396838
好几个说影,27,15,,//space.bilibili.com/3493114343852466
幽姬说影,27,53,,//space.bilibili.com/3493105433053764
小虎说影视,27,22,,//space.bilibili.com/2144439227
小猫-说影,27,13,,//space.bilibili.com/1895228396
30说影视,27,71,关注我，每天分享经典神作,//space.bilibili.com/1878606649
吃泡面说影,27,65,,//space.bilibili.com/1472062146
侃片说影,27,17,朋友开心点吧,//space.bilibili.com/1154364989
港港说影,27,43,爱电影，爱动漫，爱搞笑，每天分享不同的精彩,//space.bilibili.com/516614826
猴哥说影,27,98,传递正能量，专注于抗日剧解说,//space.bilibili.com/486498191
小童说影视,27,15,兴趣剪辑，一起加油,//space.bilibili.com/388792130
观察说影,26,22,一切素材来源于网络，侵权删。,//space.bilibili.com/3546870209055106
小沐说影,26,24,一个视频，一个故事,//space.bilibili.com/3546700543167073
爱未停说影视,26,27,未来可期霆你到底,//space.bilibili.com/3546388717636047
小月亮说影,26,273,解说全球童年动画,//space.bilibili.com/3493142093367774
紫琦说影,26,49,,//space.bilibili.com/3493105399499179
说影视的村花,26,8,通过电影，看看世界。,//space.bilibili.com/508222096
彤彤说影视,26,13,生活就像一杯白开水你每天都在喝不要羡慕别人喝的饮料有各种颜色其实未必有你的白开水解渴,//space.bilibili.com/447703044
吃泡面说影,27,65,,//space.bilibili.com/1472062146
侃片说影,27,17,朋友开心点吧,//space.bilibili.com/1154364989
港港说影,27,43,爱电影，爱动漫，爱搞笑，每天分享不同的精彩,//space.bilibili.com/516614826
猴哥说影,27,98,传递正能量，专注于抗日剧解说,//space.bilibili.com/486498191
小童说影视,27,15,兴趣剪辑，一起加油,//space.bilibili.com/388792130
观察说影,26,22,一切素材来源于网络，侵权删。,//space.bilibili.com/3546870209055106
小沐说影,26,24,一个视频，一个故事,//space.bilibili.com/3546700543167073
爱未停说影视,26,27,未来可期霆你到底,//space.bilibili.com/3546388717636047
小月亮说影,26,273,解说全球童年动画,//space.bilibili.com/3493142093367774
紫琦说影,26,49,,//space.bilibili.com/3493105399499179
说影视的村花,26,8,通过电影，看看世界。,//space.bilibili.com/508222096
彤彤说影视,26,13,生活就像一杯白开水你每天都在喝不要羡慕别人喝的饮料有各种颜色其实未必有你的白开水解渴,//space.bilibili.com/447703044
洋洋说影视,25,358,,//space.bilibili.com/3546833632626784
沐木说影,25,36,,//space.bilibili.com/3493142208711436
承洋说影视-,25,274,专注电影剧情解说与精彩片段剪辑尊重剧情，让你快速看懂一部电影想投资电影,//space.bilibili.com/3493121954417000
辰汐说影,25,15,,//space.bilibili.com/3493114748603032
就看说影,25,21,,//space.bilibili.com/3493114285132049
小祥说影,25,11,非专业解说，每天跟大家唠唠比赛,//space.bilibili.com/2057075738
星君说影视,25,65,,//space.bilibili.com/1098709746
G说影视,25,71,耐心的分享你们喜欢的剧,//space.bilibili.com/1088590262
心心有话说影视,25,35,谢谢大家关注！视频持续更新中！,//space.bilibili.com/491149258
王也说影视,25,3,每天视频更新感谢关注感谢官方感谢B站,//space.bilibili.com/124004674
小崔说影像,25,1,爱看书写字,//space.bilibili.com/14343534
虾说影视,24,58,虾说影视,//space.bilibili.com/3546883794406175
解说影视员,24,76,感谢点赞关注+收藏！努力为你推荐优秀的影视作品^_^,//space.bilibili.com/3546600695663537
长安客说影视,24,3,分享有趣的影视剧,//space.bilibili.com/3546589056469708
韩诗说影,24,7,树欲静而风不止，子欲养而亲不待,//space.bilibili.com/3494356669434566
泣彻说影视,24,8,,//space.bilibili.com/3494356222741279
峰说影视T,24,245,峰说影视用心解说好电影您的关注点赞是我强大的动力感谢大家支持,//space.bilibili.com/3493118619945528
小颜说说影视,24,86,每天更新原创影视作品，感谢关注的每位朋友。,//space.bilibili.com/1900586108
飞鸟说影追剧,24,34,,//space.bilibili.com/1592321392
大猫猫说影,24,9,,//space.bilibili.com/1402692237
北大落说影,24,90,,//space.bilibili.com/1223054391
红星说影,24,10,为了狗命,//space.bilibili.com/279566929
小辉说影视88,24,39,全球最新最快的电影每日更新，喜欢看新片的小伙伴可以关注我！,//space.bilibili.com/149105396
静说影视,24,49,,//space.bilibili.com/36615438
解说影视员,24,76,感谢点赞关注+收藏！努力为你推荐优秀的影视作品^_^,//space.bilibili.com/3546600695663537
长安客说影视,24,3,分享有趣的影视剧,//space.bilibili.com/3546589056469708
韩诗说影,24,7,树欲静而风不止，子欲养而亲不待,//space.bilibili.com/3494356669434566
泣彻说影视,24,8,,//space.bilibili.com/3494356222741279
峰说影视T,24,245,峰说影视用心解说好电影您的关注点赞是我强大的动力感谢大家支持,//space.bilibili.com/3493118619945528
小颜说说影视,24,86,每天更新原创影视作品，感谢关注的每位朋友。,//space.bilibili.com/1900586108
飞鸟说影追剧,24,34,,//space.bilibili.com/1592321392
大猫猫说影,24,9,,//space.bilibili.com/1402692237
北大落说影,24,90,,//space.bilibili.com/1223054391
红星说影,24,10,为了狗命,//space.bilibili.com/279566929
小辉说影视88,24,39,全球最新最快的电影每日更新，喜欢看新片的小伙伴可以关注我！,//space.bilibili.com/149105396
静说影视,24,49,,//space.bilibili.com/36615438
孤独的感觉说影,23,8,不因寂寞才想你，只因想你才寂寞。孤独的感觉之所以如此之重，是因为想你太深,//space.bilibili.com/3494355467765838
奋斗的逗逼说影视,23,49,,//space.bilibili.com/3493127180519806
九影说影解说,23,18,你只管努力，剩下的交给天意,//space.bilibili.com/3493105015720245
驭风说影,23,19,原创不易，怀旧经典剧，蓄力中…,//space.bilibili.com/3493083763181792
鬼哥说影视,23,48,,//space.bilibili.com/1123964267
凯睿说影视,23,15,认真解说每一部电影，电视剧。,//space.bilibili.com/492317662
白说影评,23,25,走进电影，分享电影，深入电影,//space.bilibili.com/385234378
简单说影评,23,1,,//space.bilibili.com/317369761
骄子说影,23,10,,//space.bilibili.com/39480966
三岁半说影,23,6,,//space.bilibili.com/26826383
硬核说影,22,56,,//space.bilibili.com/3546390804302684
比巴卜说影,22,101,每周定期更新最新剧集，分享自己喜欢的剧感谢关注，承蒙厚爱,//space.bilibili.com/3494361285266266
八哥说影剧,22,13,喜欢追剧，欢迎大家关注,//space.bilibili.com/3493275260423059
遇白来说影视啦,22,38,想当演员，长得不行想当歌手，唱得不好只能来说说剧喽,//space.bilibili.com/3493137739680639
新安说影,22,97,感谢官方，每天持续更新中-您的关注是我最大的动力,//space.bilibili.com/3493136506555207
鹅霸说影视,22,25,网络一线牵，珍惜这段缘~先上关注，空暇放假来一集，新up主，dayday都更新。,//space.bilibili.com/3493132138187157
工企说影,22,20,,//space.bilibili.com/3493113765038654
史蒂夫说影,22,13,,//space.bilibili.com/3493113737775544
小妞说影,22,18,关注我，带你看有趣电影！,//space.bilibili.com/3461576568867815
煎蛋说影,22,42,,//space.bilibili.com/1957078286
水果说影视,22,29,一部电影，一段人生。感谢支持，祝关注我的人永远暴富,//space.bilibili.com/1572878219
汽水说影视,22,43,小小的人物，大大的情怀，影视中寻找快乐,//space.bilibili.com/1419666466
萍姐说影视,22,57,,//space.bilibili.com/1284418374
三狼说影视,22,1,,//space.bilibili.com/555036168
八哥说影剧,22,13,喜欢追剧，欢迎大家关注,//space.bilibili.com/3493275260423059
遇白来说影视啦,22,38,想当演员，长得不行想当歌手，唱得不好只能来说说剧喽,//space.bilibili.com/3493137739680639
新安说影,22,97,感谢官方，每天持续更新中-您的关注是我最大的动力,//space.bilibili.com/3493136506555207
鹅霸说影视,22,25,网络一线牵，珍惜这段缘~先上关注，空暇放假来一集，新up主，dayday都更新。,//space.bilibili.com/3493132138187157
工企说影,22,20,,//space.bilibili.com/3493113765038654
史蒂夫说影,22,13,,//space.bilibili.com/3493113737775544
小妞说影,22,18,关注我，带你看有趣电影！,//space.bilibili.com/3461576568867815
煎蛋说影,22,42,,//space.bilibili.com/1957078286
水果说影视,22,29,一部电影，一段人生。感谢支持，祝关注我的人永远暴富,//space.bilibili.com/1572878219
汽水说影视,22,43,小小的人物，大大的情怀，影视中寻找快乐,//space.bilibili.com/1419666466
萍姐说影视,22,57,,//space.bilibili.com/1284418374
三狼说影视,22,1,,//space.bilibili.com/555036168
六一说影,22,26,剪一剪,//space.bilibili.com/515004526
小李说影视,22,6,因电影结缘，用电影感悟人生，愿所有有缘的朋友一切安好,//space.bilibili.com/501317608
海伦说影,22,4,反正都要被偷，不如我自己来发。感谢您的关注。,//space.bilibili.com/407112612
丽说影视bili,22,5,最优质的视频呈现给大家,//space.bilibili.com/385426918
阿飞说影,21,180,,//space.bilibili.com/3546390779136231
旺哥说影视,21,16,定期分享有趣的影视剧,//space.bilibili.com/3493144672864802
玮材说影,21,11,,//space.bilibili.com/3493114683590861
星楠说影,21,20,,//space.bilibili.com/3493112682908071
浪说影视,21,150,波浪每天都会分享精彩影视内容,//space.bilibili.com/2048224724
Biu君说影视,21,104,,//space.bilibili.com/1761407072
小琚说影视,21,66,,//space.bilibili.com/1572590969
粤姐说影视也,21,112,,//space.bilibili.com/1400792053
卢怼怼说影,21,36,不断学习打磨作品中，可能慢点，但会持续更新原创作品，一起来追剧吧,//space.bilibili.com/1392658920
六叔说影视V,21,44,感谢大家的支持和喜爱！,//space.bilibili.com/1253464870
丑角说影,21,4,影里有戏、味似人生…好影、好剧，同品鉴!温情、励志、治愈✌坚持原创,//space.bilibili.com/1237783237
尽说影视,21,25,专注影视，深度剖析,//space.bilibili.com/1191783724
麦霸哥说影视,21,7,专注最新资讯…分享娱乐视频…解读缤纷世界…,//space.bilibili.com/1145527123
阿北说影,21,1,,//space.bilibili.com/511036612
三川说影,21,12,电影爱好者,//space.bilibili.com/497295340
爬墙头说影视,21,32,刚刚入驻，请多关照,//space.bilibili.com/351714926
YY说影视,20,22,以第一人称内心独白的方式，带您走进电影人物的灵魂褶皱……换一个角度，您就是主角！持续更新中…感谢关注,//space.bilibili.com/3546891111369309
小颖说影视,20,358,,//space.bilibili.com/3546832768600572
黑白调说影,20,24,,//space.bilibili.com/3546787728067194
小小明说影视,20,27,,//space.bilibili.com/3493141179009413
卢怼怼说影,21,36,不断学习打磨作品中，可能慢点，但会持续更新原创作品，一起来追剧吧,//space.bilibili.com/1392658920
六叔说影视V,21,44,感谢大家的支持和喜爱！,//space.bilibili.com/1253464870
丑角说影,21,4,影里有戏、味似人生…好影、好剧，同品鉴!温情、励志、治愈✌坚持原创,//space.bilibili.com/1237783237
尽说影视,21,25,专注影视，深度剖析,//space.bilibili.com/1191783724
麦霸哥说影视,21,7,专注最新资讯…分享娱乐视频…解读缤纷世界…,//space.bilibili.com/1145527123
阿北说影,21,1,,//space.bilibili.com/511036612
三川说影,21,12,电影爱好者,//space.bilibili.com/497295340
爬墙头说影视,21,32,刚刚入驻，请多关照,//space.bilibili.com/351714926
YY说影视,20,22,以第一人称内心独白的方式，带您走进电影人物的灵魂褶皱……换一个角度，您就是主角！持续更新中…感谢关注,//space.bilibili.com/3546891111369309
小颖说影视,20,358,,//space.bilibili.com/3546832768600572
黑白调说影,20,24,,//space.bilibili.com/3546787728067194
小小明说影视,20,27,,//space.bilibili.com/3493141179009413
更换那个说影,20,17,,//space.bilibili.com/3493114283034845
如心解说影视,20,79,原创影视解说,//space.bilibili.com/3493112454318663
屎壳郎说影视,20,7,,//space.bilibili.com/3493076844677226
普泽说影视,20,134,,//space.bilibili.com/1992390464
翻天说影视,20,23,,//space.bilibili.com/1772835262
佳川说影视M,20,85,感谢大家关注，经典影视解说，精彩不停歇,//space.bilibili.com/1662644714
浅忆说影视,20,29,❤️温馨回忆每一个瞬间❤️❤️爱电影更爱你❤️,//space.bilibili.com/1215312737
Lillo说影视,20,61,欢迎大家来到Lillo说影视,//space.bilibili.com/502600367
豆豆说影视8686,20,35,,//space.bilibili.com/420304647
偷偷说影视,20,21,记录人生百态，打开我们的认知格局～,//space.bilibili.com/69765673
闪影快说影视,19,15,时间就是交流的成本好看的好听的千编一律有趣的故事万里挑一闪说快说为你争分夺秒~闪闪为你说趣事~,//space.bilibili.com/3494376288291311
姜小怪说影视,19,15,,//space.bilibili.com/3493094005672017
地瓜说影视,19,93,感谢平台精彩影视每日更新，喜欢就点个关注,//space.bilibili.com/3461570604566569
聊哥说影,19,20,认真剪辑每一帧画面，每天不间断持续更新,//space.bilibili.com/1847987776
璐喵喵说影视,19,57,,//space.bilibili.com/1170767161
无聊说影视,19,135,专注于高质量的影视视频剪辑和配音！,//space.bilibili.com/527173306
瞎说影视特,19,28,,//space.bilibili.com/517474000
阳仔说影视,19,20,,//space.bilibili.com/363101114
桐飞说影视,19,18,爱电影爱生活,//space.bilibili.com/66352766
浪子三少说影视,18,13,,//space.bilibili.com/3546668433672390
小优说影视,18,13,?爱电影，爱生活?立志看够一万部电影,//space.bilibili.com/3546608257992986
录现说影,18,18,,//space.bilibili.com/3546606875970386
不凡解说影视,18,39,喜欢听歌，跑步，看电影，欢迎大家一起交流！,//space.bilibili.com/3546602490825677
曦哥说影,18,51,一部好电影就像一次激动人心的旅行带你探索未知的领域,//space.bilibili.com/3546380729584071
地瓜说影视,19,93,感谢平台精彩影视每日更新，喜欢就点个关注,//space.bilibili.com/3461570604566569
聊哥说影,19,20,认真剪辑每一帧画面，每天不间断持续更新,//space.bilibili.com/1847987776
璐喵喵说影视,19,57,,//space.bilibili.com/1170767161
无聊说影视,19,135,专注于高质量的影视视频剪辑和配音！,//space.bilibili.com/527173306
瞎说影视特,19,28,,//space.bilibili.com/517474000
阳仔说影视,19,20,,//space.bilibili.com/363101114
桐飞说影视,19,18,爱电影爱生活,//space.bilibili.com/66352766
浪子三少说影视,18,13,,//space.bilibili.com/3546668433672390
小优说影视,18,13,?爱电影，爱生活?立志看够一万部电影,//space.bilibili.com/3546608257992986
录现说影,18,18,,//space.bilibili.com/3546606875970386
不凡解说影视,18,39,喜欢听歌，跑步，看电影，欢迎大家一起交流！,//space.bilibili.com/3546602490825677
曦哥说影,18,51,一部好电影就像一次激动人心的旅行带你探索未知的领域,//space.bilibili.com/3546380729584071
浩晨说影,18,12,,//space.bilibili.com/3493114660522185
木歌说影视,18,23,你除了追剧还可以追我,//space.bilibili.com/1947710581
小杨说影视,18,21,,//space.bilibili.com/1934721277
细说影院,18,56,,//space.bilibili.com/1721645962
虾咪说说影视,18,13,,//space.bilibili.com/1523682457
特叔说影视,18,59,,//space.bilibili.com/1358793234
墨白说影,18,27,,//space.bilibili.com/1292015404
静君说影视,18,97,,//space.bilibili.com/1240311202
艾欣说影视,18,146,初来乍到请多关照每天剪剪视频观看谢谢哥哥姐姐关注,//space.bilibili.com/1238647134
飞堂说影视,18,18,品味生活，热爱电影精心打磨，视觉享受影视剪辑，缤纷呈现感谢关注，永不迷路,//space.bilibili.com/1003148013
阿凯说影,18,53,给你带来不一样的电影解说！,//space.bilibili.com/432027429
猛哥说影视,18,118,感谢官方，每天持续更新中-您的关注是我最大的动力,//space.bilibili.com/414419217
独久说影视,18,8,,//space.bilibili.com/389550613
菠萝说影视,18,5,原创视频制作，电影解说,//space.bilibili.com/366673605
猫小妹说影,18,4,热门短视频与电影解说,//space.bilibili.com/298200412
梓旭说影视,18,282,专注做经典视频回顾，影视剧的经典剪辑，专注做好每一部作品。,//space.bilibili.com/162707154
向向说影,17,22,电影不只是故事、还有解读。这里是故事的另一面,//space.bilibili.com/3546877049964581
舒说影视,17,5,影视解说回味经典分享老电影?喜欢的朋友点个关注持续更新,//space.bilibili.com/3546754643396795
君元说影,17,12,,//space.bilibili.com/3493112735337043
小pi说影,17,3,,//space.bilibili.com/1514146980
阳春说影,17,88,从人四五百,//space.bilibili.com/1505331936
鹿哥说影,17,6,,//space.bilibili.com/1303120196
牛牛说影视也,17,79,,//space.bilibili.com/1231789520
田言me语说影像,17,24,我是原解放军总医院第六医医学影像诊断及治疗的医生，B站新人，在这儿创建“田言me语说影像”的医学影像专栏做相关科普和专业讲解希望对大家有益！,//space.bilibili.com/630891484
独久说影视,18,8,,//space.bilibili.com/389550613
菠萝说影视,18,5,原创视频制作，电影解说,//space.bilibili.com/366673605
猫小妹说影,18,4,热门短视频与电影解说,//space.bilibili.com/298200412
梓旭说影视,18,282,专注做经典视频回顾，影视剧的经典剪辑，专注做好每一部作品。,//space.bilibili.com/162707154
向向说影,17,22,电影不只是故事、还有解读。这里是故事的另一面,//space.bilibili.com/3546877049964581
舒说影视,17,5,影视解说回味经典分享老电影?喜欢的朋友点个关注持续更新,//space.bilibili.com/3546754643396795
君元说影,17,12,,//space.bilibili.com/3493112735337043
小pi说影,17,3,,//space.bilibili.com/1514146980
阳春说影,17,88,从人四五百,//space.bilibili.com/1505331936
鹿哥说影,17,6,,//space.bilibili.com/1303120196
牛牛说影视也,17,79,,//space.bilibili.com/1231789520
田言me语说影像,17,24,我是原解放军总医院第六医医学影像诊断及治疗的医生，B站新人，在这儿创建“田言me语说影像”的医学影像专栏做相关科普和专业讲解希望对大家有益！,//space.bilibili.com/630891484
可靠老王说影视,17,29,做自媒体的第一天，实现梦想的每一天,//space.bilibili.com/103528799
乔哥说影,17,7,一样的电影，不一样的解说,//space.bilibili.com/89582841
小晓说影视,16,371,,//space.bilibili.com/3546831128627651
MR坤哥说影,16,114,,//space.bilibili.com/3546819831269395
