序号,名字,作品数,粉丝数,关注数,简介,主页链接
1,毒舌电影,1419,1019.7万,28,看电影，可以改变人生。,https://www.kuaishou.com/profile/3xa9z5c96tm86pm
2,咸鱼电影,2348,287.2万,39,没事就看看电影吧🍏 承蒙厚爱 侵权联删🍏,https://www.kuaishou.com/profile/3xvy8b3tg6rsxza
3,电影解说,2,6167,49,,https://www.kuaishou.com/profile/3xfgwa9qxvieb6e
4,电影解说,134,4.6万,28,⭐感谢快手官方平台 ⭐一个爱电影的人 ⭐用心做好每一个影视作品,https://www.kuaishou.com/profile/3x7tcbsukj763us
5,电影解说,115,7140,11,谢谢你们的关注，持续更新,https://www.kuaishou.com/profile/3x4knycuyjtzb9c
6,电影解说,907,1.7万,38,,https://www.kuaishou.com/profile/3x4iujuiq4kpg22
7,电影解说,183,1.3万,479,专注于猎杀、猎奇、悬疑的电影解说,https://www.kuaishou.com/profile/3xj2zaebstzkz3i
8,Tilbayan电影解说,593,1.1万,10,🎉热爱电影，热爱生活🎉  📽每一部电影就是一个人生📽       ♥感谢您的喜欢♥ V ： tilbayan1,https://www.kuaishou.com/profile/3xrc5sd2re3a6b6
9,电影解说,222,1.3万,143,,https://www.kuaishou.com/profile/3xxfjs93u7u27na
10,电影解说,456,3.8万,5,🍭感谢大家喜欢我的作品 🎬影视解说 🍿️持续更新中,https://www.kuaishou.com/profile/3x2kafzntqbpjb2
11,电影解说,152,6012,21,salon:gilastv  感谢快手平台 我是一名影视剪辑爱好者 每天更新精彩内容 喜欢的点赞关注 谢谢你们的支持,https://www.kuaishou.com/profile/3xwmrf4kmsj8a8k
12,船长电影解说,3747,399.9万,38,,https://www.kuaishou.com/profile/3x8hj4nnbecvc5w
13,电影解说,378,1.8万,10,每日电影推荐  ||   关注我，告别片荒,https://www.kuaishou.com/profile/3xc7wabqabdsp24
14,电影解说,24,1.1万,17,,https://www.kuaishou.com/profile/3xva3wr3e879vu2
15,9527电影解说,208,1.2万,303,点点关注，继续分享,https://www.kuaishou.com/profile/3x6hmjkzmahew8i
16,电影解说,170,1.1万,19,正能量 每日更新 喜欢的点个赞点个关注 粉丝团企鹅🐧812905281,https://www.kuaishou.com/profile/3xtvuhcskc3ecva
17,♠️A电影解说,0,3.9万,17,,https://www.kuaishou.com/profile/3xnn4ddnx8gx3b9
18,电影解说,361,1.8万,30,。。。。,https://www.kuaishou.com/profile/3x4jg57695a868k
19,电影解说,191,1004,3339,🔥关注我，每天更新热门短 剧。好看的短 剧，希望大家多多与我评论区互动。拯救剧荒，推荐的每一部剧都是经过筛选。  ☀感谢平台以及官方大大的支持,https://www.kuaishou.com/profile/3x7hwgduw5gvsre
20,电影解说,2,9076,70,一起看电影QQ1479333793,https://www.kuaishou.com/profile/3xtmjxm93d7q2me
21,电影解说tyh！,2,145,443,你喜欢Kiss吗孩子们！,https://www.kuaishou.com/profile/3xu5d52ud6t8fwa
22,电影解说,9,1.1万,451,感谢快手平台,https://www.kuaishou.com/profile/3xcze8r6bwuv5jk
23,小侠夜班车,3861,530.7万,33,2025精彩继续 有灵魂的解说，可以把电影变得很有趣 侠影江湖，人生如场戏 快意恩仇，慢品其中意 商务合作：19957827255,https://www.kuaishou.com/profile/3xa5kxavziccjxw
24,电影解说,31,9908,135,宠粉丝，每天更新电影，感谢你们的观看，希望老铁们能给个关注，谢谢你们。,https://www.kuaishou.com/profile/3x5wqufghwgmvye
25,猛虎电影,1157,148.1万,12,,https://www.kuaishou.com/profile/3xw9uxynkzdrpvi
26,电影.解说,502,9798,710,此号转卖！！,https://www.kuaishou.com/profile/3xnkycyhwmma484
27,电影解说,0,314,1018,,https://www.kuaishou.com/profile/3x7vqgpttyzn7wq
28,829电影解说,32,8878,52,少侠留步！   今天你  莲   网上吗 破奇案   赏打戏   谈人生   养萌宠 百无禁忌  楼上入坐   正在热播中,https://www.kuaishou.com/profile/3xmti2b3euft996
29,晓艺电影解说收徒中,700,183.9万,19,❤️惊悚悬疑科幻影界探秘者❤️           创作不易  搬运必究 学习/合作：lybforever【注明来意】,https://www.kuaishou.com/profile/3xtstprdzdgwy72
30,火龙果讲电影,898,445.6万,73,一个讲故事的人 商务/学习film668822,https://www.kuaishou.com/profile/3xicehf6v2rt8tk
31,TA,0,1万,1,,https://www.kuaishou.com/profile/3x56tbegstv4gty
32,船長电影解说,213,27.4万,26,每一次的扬帆起航都是奔竞不息的奋斗 用心解说每一部电影,https://www.kuaishou.com/profile/3xdnvavfnypvg52
33,毒霸电影解说阿明,214,24.9万,1257,🇨🇳每天更新精彩片段 🇨🇳带你追剧走向人   👉感谢官方感谢快手👉点头像加关注,https://www.kuaishou.com/profile/3xhrrp45apswdxg
34,电影解说,0,1,1,,https://www.kuaishou.com/profile/3xeuj5c8fxnbnxg
35,神马东锡电影,1595,439.2万,18,一个喜欢讲故事的人。 感谢你与「神」同行。,https://www.kuaishou.com/profile/3xitqr9k7db4myw
36,菓菓电影解说,35,92.9万,43,,https://www.kuaishou.com/profile/3x9djkt3ka4usmy
37,诚佳电影解说,576,27.1万,46,🍇无人直播 影视剪辑 各种直播加白 🍇想学习的联系我 ❤感谢快手官方，感谢大家关注        ❤️  v  13292888877,https://www.kuaishou.com/profile/3xu9jgbuc9jiveg
38,电影解说,5,240,313,90后奇女子 爱分享，多愁善感，懂点心理学 电影解说 粤语分享,https://www.kuaishou.com/profile/3xcdmk7nmzr9p4w
39,EQ电影解说,1,2.1万,6,✨感谢快手平台✨ ✨关注我，让你告别片荒✨ ✨承蒙厚爱感谢关注感谢❤️✨,https://www.kuaishou.com/profile/3x29hihvevbtybq
40,小杰电影解说,334,29.9万,29,影视解说  影视剪辑 支持原创  拒绝搬运 持续更新  精彩视频,https://www.kuaishou.com/profile/3xnnrd3r3buzw66
41,电影解说女汉子,39,8128,90,花店不开🌺  花继续开🌺 关注不迷路,https://www.kuaishou.com/profile/3x4jy9qccbagd3m
42,笑嘻嘻电影解说,1,10,3,一个热爱电影解说的新人，希望大家多多支持,https://www.kuaishou.com/profile/3xfm92yjhfqb3z2
43,闯哥电影解说,644,98.4万,11,闯哥个人V就是快手号，只加粉丝，商务勿扰,https://www.kuaishou.com/profile/3xk7shybyumz6ae
44,黑龙眼电影解说,554,7.6万,26,看电影告别寂寞 看电影改变人生,https://www.kuaishou.com/profile/3x9nzmcg5uus979
45,小班班电影,1620,132.9万,64,找优质剪辑一名，注意是有经验，有合作过的博主，会pr，小白勿扰。+：dsb92wyl,https://www.kuaishou.com/profile/3xpuxh6ddrgwx8g
46,小丁电影解说,303,46.8万,51,🎥每一部电影 💎都是一个故事 💎关注我 💎带你走进更多精彩故事 商 mayidianying666,https://www.kuaishou.com/profile/3xvyguuz49cryrq
47,小跃电影解说,973,70.6万,10,🔥感谢你们的关注❤️ 🔥每天更新各种奇闻异事故事❤️ ❤️感谢官方❤️感谢快手,https://www.kuaishou.com/profile/3xc4nkujmh9m7g4
48,毒蛇解说,486,321.8万,119,商务合作请私信 如有侵权，联系必删🙏,https://www.kuaishou.com/profile/3x43xs9ppafvm3g
49,毒心电影解说,402,24万,31,不一样的观影 不一样的人生,https://www.kuaishou.com/profile/3xqn59awut76w6s
50,剧本电影解说,1,12,14,,https://www.kuaishou.com/profile/3xzxs8zdwvbarc4
51,电影解说,7,4,6,观影徕裙⬇️ 人生一世，草木一秋 每个人都有对电影的理解,https://www.kuaishou.com/profile/3xerz57v4wtaf5k
52,吴六一电影解说,276,43.3万,116,百万宝妈3期29班-小宋,https://www.kuaishou.com/profile/3xkwbvm7ibs5evw
53,晴空电影,354,121.3万,35,👇👇小店有好物,https://www.kuaishou.com/profile/3x4qaufe65kwae6
54,大威电影解说,37,1.5万,19,🍀感谢快手官方        感谢你的关注 🌸坚持原创作品        每天更新 🌸感恩遇见那么好看的你,https://www.kuaishou.com/profile/3xm9gqcmxx7tyfq
55,六六电影解说,57,10.6万,200,感谢快手平台🙏🙏,https://www.kuaishou.com/profile/3xacupgjadt6gsg
56,功夫电影解说,612,45.6万,91,感谢快手平台，感谢老铁 所有电影点左下角链接，免费看完整版,https://www.kuaishou.com/profile/3xcdjj5wha4yzbw
57,狗头电影解说,35,19.3万,346,hello大家好  感谢快手平台！  每天都会持续更新！,https://www.kuaishou.com/profile/3x5a3vrz5gn6i56
58,糯米电影解说,631,8292,22,爱电影爱生活,https://www.kuaishou.com/profile/3xdmz38visie7p9
59,丫丫电影解说,229,93万,42,💕感谢快手 👄热爱追剧，喜欢分享 🙏感恩相遇，感谢有你 🖕关注我，带你一起追剧,https://www.kuaishou.com/profile/3xpta3cht7fsv4m
60,猫王电影解说,68,42.7万,35,快手仅此一个账号，小店里有视频同款商品，感谢关注！！！合作maowang131023,https://www.kuaishou.com/profile/3xh9a2rscezv2i4
61,K叔电影,839,304万,89,总有一部电影与君共勉 关注我，我就是你的人😃  联系+ kshu1616,https://www.kuaishou.com/profile/3xcvcqved7vzsys
62,局外电影,864,248.7万,110,☢️感谢每位老铁的关注!   🎩学习拜师 💰 hnt1115,https://www.kuaishou.com/profile/3x6ku5zxkuetpy4
63,趣侃电影,464,132.4万,161,🌱奇闻趣事🍀啥都讲点 🌿点个关注🌴大开眼界,https://www.kuaishou.com/profile/3xpkugh8cvv3uj4
64,七笑电影,2805,239.2万,90,说你想听的，做你想看的 深度解读好电影❤️ 合作V:tlweixin003,https://www.kuaishou.com/profile/3x8s8yy2cgbify9
65,树皮电影解说,3.1万,74.3万,7,兴趣爱好：学校：职业：,https://www.kuaishou.com/profile/3xsz7d3uhyhsvwa
66,努尔电影解说,428,3.7万,197,"我每天都发一些有趣的视频和短片让你们喜喜欢,所以希望你们能及时看到并写反馈。",https://www.kuaishou.com/profile/3x998j7z63usit9
67,电影判官一收徒中,853,124.5万,95,❤拜师学解说（本人v）：pgmovie2026，加不上就私信我 ❤本人导演，电影学院老师，影视专业硕士。 ❤合作：yimaneili180718,https://www.kuaishou.com/profile/3xprcbhkth3wry4
68,乌鸦电影,1339,98.9万,12,同样的电影🎬不同的解读🌝 关注我看更多精彩电影解说❤️,https://www.kuaishou.com/profile/3x7mymanvmrw9j2
69,7块电影,642,86.3万,198,真人配音，专注高分冷门佳片,https://www.kuaishou.com/profile/3xa73qxyh68e3a9
70,风情（电影解说）,328,1万,19,🤨看一部电影 走一遍人生↑↑ 😉同样的电影 不同的解读↑↑ 😍喜欢的点一个关注~🎦每日更新1～3集↑↑ 🥰分享转发 @好友一下↑↑ 💋大家关注的记得每一个作品给一个双击💋💋,https://www.kuaishou.com/profile/3xihswp8i7jtmte
71,徐说电影,86,51.5万,35,❤️感谢您的关注和点赞 ❤️持续更新中…,https://www.kuaishou.com/profile/3xss7mkgkhctgq6
72,乒乓电影解说,226,21.1万,1998,更新原创的电影解说,https://www.kuaishou.com/profile/3xz8ewcctjqfqcc
73,战神电影解说,54,16.9万,19,,https://www.kuaishou.com/profile/3xrsiqv6ck9kcva
74,老马电影解说,97,3.2万,0,好看的电影都在这里,https://www.kuaishou.com/profile/3xt56825mvv8gnu
75,3说电影,619,98.9万,427,轻松讲电影，喜欢的看一看 学习.商务合作:shuody3,https://www.kuaishou.com/profile/3xnaj6a3zbbzj6i
76,南哥电影解说🎥,16,39,4,⭐️感谢快手官方提供优质平台👌🏻 ⭐️最好的作品送给最可爱的你👌🏻 找我合作上聚星,https://www.kuaishou.com/profile/3x9yukrgm8kj8gi
77,石榴电影解说,126,2.8万,66,沉浸在电影世界，体会百态人生！,https://www.kuaishou.com/profile/3x6gni3q9nbgp3y
78,陈哥电影解说,1,28,145,,https://www.kuaishou.com/profile/3xe4rddybutm5js
79,智者电影,2427,271.7万,57,用心做好每一部解说！ 合作/学习请私❤️,https://www.kuaishou.com/profile/3xb6dt7hv4ms2zu
80,快乐电影解说🎬,794,1.2万,30,热爱生活，热爱剪辑🎬 好电影和大家一起共享🤝 感谢平台和大家的支持♥️,https://www.kuaishou.com/profile/3x875fjww73zeh2
81,小莫电影,451,183.3万,97,看电影懂知识，带你们返回童年 普通话不标准的我希望能给你带来快乐！,https://www.kuaishou.com/profile/3xze7t98gy2dk3u
82,小孔电影解说,373,17.3万,139,👑深度解读电影，带你看不一样的影视剧 👑你的点赞+关注是我更新的动力，谢谢大家的支持,https://www.kuaishou.com/profile/3xc8s7hf558n9xa
83,旦旦电影a,805,220万,119,看电影❤️尝百味人生  期待崭新的一年,https://www.kuaishou.com/profile/3xgeq8vm2np2c84
84,黑屋电影解说,20,19.9万,1925,⭐影视剪辑爱好者 ⭐喜欢请关注我哦 ⭐每天8点按时更新 ⭐让你明明白白看电影,https://www.kuaishou.com/profile/3xticahba823miu
85,小曾电影解说,3208,17.6万,23,每天更新好看的电影解说视频,https://www.kuaishou.com/profile/3xtzrj99hcqpna4
86,卡维电影解说,1,1,2,每日持续更新,https://www.kuaishou.com/profile/3xj3edmkw4mv64s
87,洋洋电影解说,20,9336,13,兴趣爱好:剪辑电影解说 骑 着 苍 蝇 去 找 蚊 子   喜欢的可以关注一下谢谢啦  我会记录更美好的时光之路,https://www.kuaishou.com/profile/3xgtdbv5wd5a4cq
88,口袋电影解说,70,5.6万,16,把电影装进口袋，把精彩带入生活,https://www.kuaishou.com/profile/3xdh5sae4thvm7y
89,宝哥说电影,289,142.3万,59,商务学习：time55556 以后用@宝哥哥说电影 为大家更新印度电影，大号用来带货，俩个账号都是本人运营 大家不要取关哦,https://www.kuaishou.com/profile/3x96kijdqmmu9jy
90,顾我电影,1340,97.2万,27,🎬一部电影，一段人生   ________________________  用心做好每一部电影❤️❤️ ——————————————— 期待与你的下一次灵魂共鸣,https://www.kuaishou.com/profile/3x4dbzeejzm53fa
91,黑龍电影解说,144,1.2万,6,感谢快手官方 支持正能量 每日更新好剧 感谢家人们的支持与关注,https://www.kuaishou.com/profile/3xm94snigqn9d3a
92,逍遥说电影,405,161.4万,71,感谢官方🏆感谢粉丝🏆 合作请私信或➕Mightyweiok 正在努力剪辑优质作品中,https://www.kuaishou.com/profile/3x8yyjfxr4bnssu
93,腾哥/520电影解说,509,5.8万,1263,感谢快手官方提供绿色平台，腾哥影视解说！,https://www.kuaishou.com/profile/3xnmyzfgpmbr736
94,明姐电影解说,94,1.7万,175,👑深度解读电影，带你看不一样的影视剧 👑你的点赞+关注是我更新的动力，谢谢大家的支持,https://www.kuaishou.com/profile/3x3n32nzd6miyr2
95,天亮电影解说,203,6009,6816,关注我，每天为您解说各种影视剧。,https://www.kuaishou.com/profile/3xmratsht6zrv6g
96,看着电影解说,162,8314,49,666666,https://www.kuaishou.com/profile/3xamtzecaskhtzg
97,新梦电影解说,38,14.2万,93,谢谢😜大家的支持 持续为大家发布新作品,https://www.kuaishou.com/profile/3xdf26vpcf2tfeq
98,主观电影解说,327,1.5万,54,每周更新2-3部电影，感谢快手官方,https://www.kuaishou.com/profile/3xtp7kmfndcg4ri
99,杰夫电影解说,39,7735,69,用电影的角度看人生 用心讲故事 每周更新二-三部电影解说,https://www.kuaishou.com/profile/3xfa3ias7bkiuie
100,大树电影,1002,105.5万,16,看不同电影          体验不同人生,https://www.kuaishou.com/profile/3xfx9xkhekq53n2
101,名扬电影解说,137,1.1万,4,专注电影解说，每日更新，记得狗头保护。,https://www.kuaishou.com/profile/3xi4ic6ir7pith9
102,玖玖电影解说,200,15.8万,116,倪海杉御用剪辑师 合作的可以私我 视频1:6月29日倪总和田斌，田斌叫霸视频 视频2:6月29日倪总和丁一，丁一碰瓷视频 视频3:6月30日倪总和田斌，田斌节目上海滩 视频4:7月1日倪总和章鱼，章鱼跳社会摇 视频5:7月2日倪总和赤酱，赤酱化身倪总 视频6:7月3日倪总和小主播，太有才艺了 视频7:7月4日倪总和圣哥，圣哥心虚了 等等,https://www.kuaishou.com/profile/3xrt2kxcrs69zte
103,维语电影解说,101,8419,14,维语电影✔ 感谢快手官方,https://www.kuaishou.com/profile/3xd4srfbur94spk
104,毛毛电影,2249,121.6万,280,毛毛电影，为您解说猎奇好电影,https://www.kuaishou.com/profile/3xmabkajkjipef4
105,沙鱼说电影,5225,165万,229,好的电影，改变你的人生！ 乐观生活幸福常在,https://www.kuaishou.com/profile/3x5junnehyceeym
106,老狗电影解说,365,25.8万,202,🔥影视交流 🔥影视解说 热门剪辑 播剧涨粉60米可私信,https://www.kuaishou.com/profile/3xpw9a5aqj4w9gy
107,电影咖,399,48.3万,17,看解说    不止是看电影 时不时更新两条混剪,https://www.kuaishou.com/profile/3x899dfx3rz8kzc
108,北瓜电影解说,140,11.5万,45,用眼看电影，这里有你喜欢的,https://www.kuaishou.com/profile/3xef3243bbqgpdg
109,未颜电影解说,33,7752,193,❤️感谢快手官方， ❤️感谢大家的关注， 👉精彩影视剧每日更新，喜欢你就来。,https://www.kuaishou.com/profile/3xdexvhu752yfwg
110,阿凯电影解说,6,1.2万,17,人生如戏，吸如人生。 用心讲好每一部电影。,https://www.kuaishou.com/profile/3xc9mzyzabzv7s2
111,青桔电影解说,263,9009,4023,莫时少年凌云志 曾许天下第一流 每天更新 不同电影 不同电视剧,https://www.kuaishou.com/profile/3x5hkk64w9h75m4
112,咔咔电影解说,66,2.1万,14,分享各种故事 每天更新精彩影片 谢谢大家的支持和关注,https://www.kuaishou.com/profile/3xp2pju9t8fa539
113,e青春电影,117,180万,28,感谢快手，感谢官方，感谢支持～ 电影解说，持续更新，精品剪辑～,https://www.kuaishou.com/profile/3xj8tzy3y9g6ezw
114,玄子电影解说,493,37.2万,5,用心解读每一部电影 我讲你看，喜欢您就点个赞 精彩不断持续更新，感恩遇见！ 创作不易，搬运必究！,https://www.kuaishou.com/profile/3xizuk5h7xbbne6
115,经典动作电影解说,4330,2.1万,2,,https://www.kuaishou.com/profile/3xutskg9t9t4zt4
116,小酷电影解说,0,513,26,感谢快手正能量平台 每天持续更新短剧 感谢支持,https://www.kuaishou.com/profile/3xxxxseuxd7v2ek
117,天平电影解说,84,2.5万,16,🌈持续更新..... 😎超级宠粉 👀想看什么记得跟我说 ❤️你们的点赞是我最大的动力,https://www.kuaishou.com/profile/3xurjqka6jfyege
118,凤凤电影解说,0,6.2万,74,,https://www.kuaishou.com/profile/3x9ehk3e9saxfj4
119,国然电影,1658,193.9万,231,收🐰合作+DK77565(+我请备注来意 机构勿扰) 每天更新好看电影 你负责看，我负责干 解说的再好也比不上原片的灵魂,https://www.kuaishou.com/profile/3xncg2b8vqszmfa
120,大刘电影《电影解说》,257,5.4万,25,每天更新精彩电影、好心的你点一下关注呗！,https://www.kuaishou.com/profile/3xm2kd8vpnwanja
121,猫猫电影,988,136.2万,6,人生就像一场电影，我们都在其中放映,https://www.kuaishou.com/profile/3xcm8ry2ng6ghrs
122,欧豪电影解说,4,12,9,一部电影、一个故事 ​感恩遇见、感谢有你,https://www.kuaishou.com/profile/3xdkjrqh9f63vqc
123,豆芽电影,393,100.8万,10,感谢官方提供创作平台🏆 认真剪好每一部电影🎬 万分感谢大家喜欢与关注😘,https://www.kuaishou.com/profile/3x2q3j5ksuqx67s
124,菠萝说电影,1782,149.6万,19,🎬电影不只是电影,https://www.kuaishou.com/profile/3xvrcimmbskf9ss
125,大嘴电影,910,101.5万,50,电影爱好者 每期视频都会给你带来不一样的惊喜 感谢平台给作者机会🙏,https://www.kuaishou.com/profile/3xafi332z3276mu
126,二哥聊电影,1247,154.7万,84,新年勇敢前行 几分钟看完一部电影 以最简单的方式体验最多彩的人生 商务：myi77889,https://www.kuaishou.com/profile/3xkcamrvxr98eai
127,老牛说电影,2152,101.8万,329,🌈带大家看万部电影 感谢快手 感谢平台,https://www.kuaishou.com/profile/3x9428jfg6dz86i
128,咔咔电影解说,91,4.5万,273,每天更新精彩电视剧电影解说 喜欢点个关注吧,https://www.kuaishou.com/profile/3xptr7ymatts4ng
129,喵说电影,865,42.5万,182,解说精彩影视剧｜感谢关注,https://www.kuaishou.com/profile/3xuudt3j34krrda
130,辰辰电影解说,19,3061,4715,用心去做好每一件事，不辜负对我有帮助的人，,https://www.kuaishou.com/profile/3xn8mgt7fuw8eb6
131,龙哥电影解说,375,5.6万,28,学习 合作➕v！frw0322,https://www.kuaishou.com/profile/3xum38qrvpu72kg
132,电影解说及手机使用技巧,29,3万,3421,喜欢的朋友记得关注我哦❤❤️❤️️ 不然需要的时候就找不到我了👀❤❤️❤️❤️️💕,https://www.kuaishou.com/profile/3xqt3gxuk5hdasu
133,搞笑电影解说📺📺,24,1.7万,519,感谢官方平台,https://www.kuaishou.com/profile/3x9s79msm4jqc7g
134,木木说电影,179,242.4万,482,专注影视解说，感谢你的关注 学习/合作：mm289056,https://www.kuaishou.com/profile/3xzmp6e8547nay4
135,马哥电影解说,280,2.1万,1242,感谢快手绿色平台正能量！我是90后的一位农民大叔，来自宁夏，我想要自己争取，过上好的生活。,https://www.kuaishou.com/profile/3xjkez9xzprksk4
136,电影解说家,20,1.5万,3,生活就如同电影🎬 爱生活，爱电影 你我也在导演自己的人生 砥砺前行，不负韶华✨,https://www.kuaishou.com/profile/3xictktgc6hv3di
137,无界电影,159,110.8万,563,有所执    方有所成🌵🌸   外站入驻勿扰,https://www.kuaishou.com/profile/3xvrgwjwbdzv62c
138,搞笑电影解说,17,6301,5,创作不易，不喜勿喷！ 希望我的每一个作品都能给您带来欢乐！,https://www.kuaishou.com/profile/3x6rjy3zdqtj92m
139,＠小时电影解说,12,1.9万,19,🌟一部电影 一段人生 🌟左下角后续⚡右下角剧名 🌟谢谢你长的那么好看还关注我❤ 🌟电影爱好者😉,https://www.kuaishou.com/profile/3x6dj4xhwr2v7na
140,枯沐电影,748,81.1万,119,用心解读每一部电影,https://www.kuaishou.com/profile/3x9k4k7wdgrppks
141,电影解说水果派,4,32,13,Agoni,https://www.kuaishou.com/profile/3x6vdp7wtgftpci
142,小轩放映电影解说,296,6.7万,332,,https://www.kuaishou.com/profile/3xdp6y86cazay5c
143,独一无二的你（电影解说）,2,8,38,,https://www.kuaishou.com/profile/3xei6sjbdtdec8q
144,飞鱼电影解说,711,11.8万,1421,感谢官方快手，支持正能量🤓 喜欢我的可以点个关注谢谢,https://www.kuaishou.com/profile/3xpfxckqzevbgrm
145,笨小孩电影解说分享,69,3.8万,532,💗感谢关注💗 🌹感恩有你🌹 🎬人生如电影 电影如人生🎬 👦制作不易👦👧承蒙厚爱👧,https://www.kuaishou.com/profile/3xrnrpc97jscyyg
146,吉哥电影解说,130,1.9万,50,我是一名电影爱好者🎬很高兴与您一起追剧 每日更新 ❤️❤️ 用心做剧  感谢相遇 ❤️感谢快手❤️感谢官方💐💐💐 如有侵权 艾特立马解释❤️❤️❤️,https://www.kuaishou.com/profile/3xqk3y942928u34
147,小狗电影解说,3,9455,29,想要个宠我的榜一  老喜欢和小学生一起玩了 小学生都来找我玩吧 直播时间下午1点,https://www.kuaishou.com/profile/3xafvcyzk3fsyiu
148,水哥电影解说,27,7296,28,每天传递正能量，支持快手正能量，做一个正能量达人,https://www.kuaishou.com/profile/3x2djumypgkugxe
149,电影解说-酷剪辑（破一万,551,6957,406,👍每日更新原创电影解读 🔥带你深入了解每一步经典 😘实力宠粉，^_^感谢关注 🌺好运与你同在,https://www.kuaishou.com/profile/3xpauqgsy25u2d4
150,名仕电影解说,60,4.2万,23,一部电影一段人生 故事打开的另一种方式 每天更新影视解说 感谢官方感谢快手,https://www.kuaishou.com/profile/3xsve5nhdk7xpnw
151,流心电影解说,19,7200,146,请问可以关注我吗，我粉丝少，我最宠粉了，更新电影,https://www.kuaishou.com/profile/3x8vn6cnpzigi5q
152,白鹤电影,2137,118.7万,36,为您推荐值回票价和会员费的好片！ 寻找长沙志同道合的小伙伴！ --------------------------------------,https://www.kuaishou.com/profile/3xegwmpgad3nxku
153,大海电影解说馆,103,2.5万,25,,https://www.kuaishou.com/profile/3xppc8pccub3jrg
154,小儛电影解说,15,3.2万,519,人生就像一场舞会， 教会你最初舞步的人却未必能陪你走到散场。,https://www.kuaishou.com/profile/3xkrszg5ff7whk2
155,辞海电影解说,286,1.2万,155,用心解说电影，带您走进言语无法到达的地方！  （收徒）每天更新，欢迎老铁们支持、点赞留言！ 每日精选好物在主页！,https://www.kuaishou.com/profile/3xk3sxyptvxpb5a
156,电影解说！！伟,104,2.1万,681,感谢快手官方提供绿色平台！ 支持传播正能量！ 每天更新正能量视频！兴趣爱好:,https://www.kuaishou.com/profile/3xi3hc6vwirf82w
157,新航电影解说,246,2万,41,用心做好每一部电影 给大家带来不一样的故事 电影的情节 让大家深有体会 素材来源于网络 赚点生活费陪伴老年多病的父母 谢谢大家理解,https://www.kuaishou.com/profile/3x7ph52izbsept4
158,大帅电影解说,1,18,5,用心做好解说 学习/私,https://www.kuaishou.com/profile/3xmjr9r58w2s2fm
159,哈哈电影解说,329,2.5万,850,🏆哈哈电影感谢您的点赞+关注！,https://www.kuaishou.com/profile/3x3weqnxyc4iy32
160,西瓜讲电影,220,86.3万,30,感谢关注 感谢平台,https://www.kuaishou.com/profile/3xqa3ghygzz3zx2
161,格戈电影解说,165,2.4万,53,一部电影，一个故事 悄悄告诉我你想听的故事,https://www.kuaishou.com/profile/3xjd84vj4x22vvc
162,桐柒电影,160,195.8万,76,一部电影，一段历程，持续更新影视看点，欢迎围观,https://www.kuaishou.com/profile/3x7ukgc7u9fvtsa
163,喜剧电影解说,2333,9.1万,4,,https://www.kuaishou.com/profile/3x36f8f754rb7ws
164,愈归电影,880,131万,13,,https://www.kuaishou.com/profile/3xxriqwfxz39pya
165,呱呱电影解说,125,1.3万,6,如有侵权联系删除 每天持续更新记录片……,https://www.kuaishou.com/profile/3xhqaj5p8umwfjq
166,飞哥电影解说,3,188,371,丝瓜  L990880 感谢快手官方推流,https://www.kuaishou.com/profile/3xcs266ytqgu73a
167,小七电影解说,74,6.9万,10,一部剧 一个故事 让乏味的生活更加有趣 每天持续更新精彩作品 感谢你的关注和点赞,https://www.kuaishou.com/profile/3xnpbmy8s2ak8ra
168,精彩电影解说每天一个07,118,6917,1,,https://www.kuaishou.com/profile/3x6qswfm4gbz94s
169,春仔电影解说,260,2.7万,3286,感谢快手平台 感谢老铁关注,https://www.kuaishou.com/profile/3x2hwnpg2jfvwgw
170,光年电影解说,2,123,475,遗憾的从来不是没上车和错过车 而是没有到达终点,https://www.kuaishou.com/profile/3xwai8di42h5brw
171,电影解说小潘,379,1.7万,1222,热爱影视，剪辑电影，同大家分享快乐！关注小潘电影。精彩电影看不完！🙏🙏🙏,https://www.kuaishou.com/profile/3xq9uui8d8cwidm
172,晓麦说电影,543,137.6万,165,我是晓麦说电影，刚刚入驻快手，希望大家多多支持😘,https://www.kuaishou.com/profile/3xczx6rzh2jn95u
173,飞龙说电影《k猫》,612,78.1万,22,学习请把我的师傅带走 威♥️Ks20247777777（请备注飞龙说电影） 每日更新好剧 感谢快手官方 感谢各位支持,https://www.kuaishou.com/profile/3xghgqya3ggsrkw
174,小迪电影解说🎥,35,6582,5,快快乐乐过每一天,https://www.kuaishou.com/profile/3xcwhut89fvuj5u
175,电影解说教程导师,0,2.6万,8,,https://www.kuaishou.com/profile/3xaxiy8a6x328fy
176,掌问（电影解说）,82,4万,1,每天更新电影，解说不一样的影视！ 你们的点赞，是我更新的动力！ 点个关注，会有更精彩视频哦！,https://www.kuaishou.com/profile/3xrfb5n7mpun5iy
177,佳源电影解说,47,7296,114,动物救助类持续更新,https://www.kuaishou.com/profile/3xjzkg6qbqk48vc
178,微微电影解说………………,7,6699,222,90后辣妈一枚，热爱生活， 爬山运动，寻找人生真谛 薇❤️YY222580,https://www.kuaishou.com/profile/3x3nk2nyeu255hi
179,呱呱电影解说+好物分享,0,6115,6,每天视频更新 视频同款都有售后 谢谢你的喜欢和支持,https://www.kuaishou.com/profile/3x6acve66hr7ysw
180,布鲁电影,302,196万,8,一个喜欢看电影的普通靓仔而已,https://www.kuaishou.com/profile/3xhcrptmdnuu6tk
181,专注电影解说，搞笑片段,557,7289,388,电影，搞笑，精彩视频，喜欢的关注一下，么么,https://www.kuaishou.com/profile/3xzs4qw6wywqk7m
182,王牌动作电影解说,2361,1.7万,1,,https://www.kuaishou.com/profile/3xahxrydp7retxq
183,小泡电影解说,7,1万,2971,,https://www.kuaishou.com/profile/3xkw6h6vs8v9mf9
184,小陈说电影,1532,76.9万,174,持续更新悬疑，科幻电影，美剧🎬 感谢关注❤️,https://www.kuaishou.com/profile/3xtspv8vrcc9z5m
185,鲨鱼电影解说（收徒）,226,1.9万,232,学习加vzcy2019nm,https://www.kuaishou.com/profile/3x3eb9ychy97ric
186,湖泊电影动漫解说,9,15,24,,https://www.kuaishou.com/profile/3xqsd9uib5ynvzc
187,电影解说，阿鹏,36,3.8万,116,电影解说，是我最感兴趣的一个爱好，希望我的每一个作，都能让大家开心,https://www.kuaishou.com/profile/3xjuiwixp4ni74a
188,雪狼看电影,2922,125.5万,56,学习请把我的师傅带走 ➕ks20247777777（请备注通过雪狼）  感谢快手官方  支持正能量  每日更新好剧 感谢家人的关注与支持,https://www.kuaishou.com/profile/3xh626wqj482zeq
189,素素电影,1858,85.8万,10,搬运必究,https://www.kuaishou.com/profile/3x7achegt6mt5wa
190,不语电影解说,9,12,3,「不语」非无言，是用镜头拆解光影，用文字沉淀故事。专注深度电影解说，从镜头语言到内核隐喻，带你看懂每部影片藏在沉默里的千言万语。  喜欢点个关注➕吧,https://www.kuaishou.com/profile/3xi78fy2pztq6vk
191,贰哥电影,2668,195.5万,21,✨游戏、动漫、电影✨ ✨搞笑、感动、刺激✨ 每日一更，希望给你带来快乐,https://www.kuaishou.com/profile/3xwvp9inhztupq2
192,丽丽电影解说,266,1.8万,2458,等一个相知相守到老的人,https://www.kuaishou.com/profile/3xnhpsny3yewrf2
193,_缘尽电影解说^,16,329,433,我原以为我在这世上已经做的非常好了，可上天却偏偏给我换来了两个我最不能接受的东西“孤独”与“离别”,https://www.kuaishou.com/profile/3xst6tsk8nj349g
194,辉煌电影解说,111,4.6万,14,感谢你的关注 持续更新精彩好剧 学习👇👇 非诚勿扰 jia295639161,https://www.kuaishou.com/profile/3xrrykeui3eyvvs
195,千寻电影解说,167,3.2万,73,每天更新精彩影片，关注我吧,https://www.kuaishou.com/profile/3x6ud3iv8zmuuns
196,清风电影解说,228,5.8万,4,,https://www.kuaishou.com/profile/3xh3gfc8vzuswri
197,桃妹电影解说,282,4万,12,想看的电影欢迎发到评论区，每天会进行解说 快手稀缺真人原声解说女主播 一位性感有趣，一丝不苟的电影女解说家 关注桃妹，你就是我的铁粉，史上最宠粉主播,https://www.kuaishou.com/profile/3xdp8xfjwt7kr4e
198,阿狸电影解说,147,2.4万,56,在有限的时间里做无限的事！,https://www.kuaishou.com/profile/3xcadv96ygrxvim
199,小狐狸电影解说,8,3.6万,132,感谢快手提供优质的平台 精心挑选，百里挑一，  学播剧bj135839,https://www.kuaishou.com/profile/3xu7m4w2phya8qg
200,包子电影解说,241,1.4万,308,🎥分享原创电影剪辑 🍭感谢大家关注我 🌈感谢快手平台,https://www.kuaishou.com/profile/3xag7ir22cpd4zs
201,伍爷电影（收徒弟）,1059,156.9万,22,拜师学解说+wydy88888880（不免费）,https://www.kuaishou.com/profile/3xu2nunyixveysk
202,凡凡电影解说,7,1.2万,42,解说员,https://www.kuaishou.com/profile/3xhi6pxkx4hsfyu
203,小东北电影解说,18,1.9万,10,❤️想看什么电影私信我 ❤️剪辑不易麻烦留个红心与关注 点点小黄车😊,https://www.kuaishou.com/profile/3xyzs26pfkkes3w
204,《文文电影解说大全》,333,7846,4,,https://www.kuaishou.com/profile/3xnda4is2kh537k
205,小何电影解说,155,9955,13,🤣看剧看电影，向我看齐,https://www.kuaishou.com/profile/3xztwie7csdjc2g
206,阿辛电影（电影解说）,158,6475,41,趣味电影解说 从观影了解你我,https://www.kuaishou.com/profile/3x9ijh6aswr2wbi
207,二婷电影,683,311.2万,42,关注二婷，给你分享更多精彩电影。,https://www.kuaishou.com/profile/3xaucem2jq97i46
208,开心电影解说,0,6063,3,➕v   ywzx1152,https://www.kuaishou.com/profile/3xw7rsm8hp3gcri
209,黑马电影解说,3,2.4万,1,不一样的观影，不一样的人生。,https://www.kuaishou.com/profile/3xkn4xm9n3q96wm
210,电影解说＠精彩小品,62,8986,893,感谢快手提供平台 有想一起玩快手，播剧的联系我 天天更新，带你开心，带你嗨 🌐号gxf8888899999 出主播同款素材及其他素材 想学的丝信,https://www.kuaishou.com/profile/3x9p6nek642au99
211,阿飞电影解说,15,1万,1,感谢快手平台❤️❤️ 品视频，享人生 开心快乐每一天,https://www.kuaishou.com/profile/3xdwk3de7idrxy6
212,乌蝇电影解说,33,1.2万,885,看电影，悟人生。,https://www.kuaishou.com/profile/3xr4kup43i9kdsw
213,秋笙电影解说,221,6.4万,13,感谢快手平台！ 坚持每日更新！,https://www.kuaishou.com/profile/3xm5b73inak4t54
214,清歌电影解说,208,2.6万,95,🍏爱影视  爱剪辑 🍎爱快手  爱你们 🍅关注我  不迷路 第一时间更新精彩内容,https://www.kuaishou.com/profile/3x45297hps6pkts
215,小熊电影解说,9,12,54,喜欢电影解说  也喜欢你,https://www.kuaishou.com/profile/3xzqh2m3ej38zdy
216,小金口电影解说,29,6532,4,追一部剧，品一个故事；追百部剧，品百味人生。,https://www.kuaishou.com/profile/3x4ua6t62pvap7q
217,萧凡电影解说,421,7284,49,专注影视解说 想看完整版电影点击视频左下角！,https://www.kuaishou.com/profile/3xvuiffvpw9ap3e
218,电影解说师,90,1.4万,192,一部电影，一场感悟，风里雨里我在快手等你！,https://www.kuaishou.com/profile/3xp8t9ki7rubdms
219,梦想电影解说,7,8万,43,感谢快手  感谢官方 承蒙厚爱  感谢支持 如有侵权必删,https://www.kuaishou.com/profile/3x23p4j2k87v75c
220,暗夜星空电影解说,44,7462,203,💞每天分享精彩电影解说 💞💞感谢您的关注,https://www.kuaishou.com/profile/3xyhypwgd8dx3e2
221,糖糖电影解说,310,6899,3,乔治的信箱欢迎留言,https://www.kuaishou.com/profile/3x3t7h7w3xzbujg
222,深海电影解说,0,9772,24,🌈传递正能量 🙏感谢关注 电影不只是电影🎦,https://www.kuaishou.com/profile/3xsp247q28f3j5i
223,浩宇电影解说,96,2.4万,24,喜欢看电影 电视剧 综艺 大家一起看看吧,https://www.kuaishou.com/profile/3xduu7bna7tezuq
224,电影解说妹,87,1.2万,19,看一部电影  分享一种心情,https://www.kuaishou.com/profile/3xhtqr3jniiruty
225,女大电影解说,1709,1.2万,2,专注电影解说， 请大家多多支持，,https://www.kuaishou.com/profile/3xurj9m53ed3mnm
226,电影解说，影视剪辑,343,2.3万,150,感谢官方 美好生活离不开快手相伴 心若没有栖息的地方，到哪里都是流浪🔫,https://www.kuaishou.com/profile/3xh4t75imj86cwq
227,大象电影解说,342,1.7万,304,精彩作品分享 太累可以用来放松下哦 感恩快手官方,https://www.kuaishou.com/profile/3x4fhpiv8esacq6
228,沐子电影解说,24,1.7万,123,影视剪辑爱好者 每日更新 经典推荐 只做精品 来了别走哦 承蒙各位朋友喜爱 喜欢的朋友➕关祝,https://www.kuaishou.com/profile/3xjrbhts7ea3npw
229,招财猫电影解说,60,7247,15,👊一只会说话的招财猫 👊希望大家能够喜欢,https://www.kuaishou.com/profile/3x3p52p77cmsjye
230,咪象电影解说,73,7879,1,,https://www.kuaishou.com/profile/3xcqjyb3y9ftgkk
231,小咻咻电影解说,35,2.6万,8,很我一起学剪辑，实现财富自由！,https://www.kuaishou.com/profile/3xkhjcj2h67k4tk
232,小陈电影解说,143,6677,4409,看电影品味人生，你观看我讲解！,https://www.kuaishou.com/profile/3x9fpdry3fcij2i
233,东北味儿电影解说,106,2.5万,532,能给你带来开怀一笑，是我最大的快乐,https://www.kuaishou.com/profile/3x7x8t4hzkbfxsk
234,狼眼电影解说,96,5929,1666,🐚感谢快手官方提供的绿色平台🐚,https://www.kuaishou.com/profile/3xz4djd6qijgzv4
235,六月电影解说,8,2.8万,29,,https://www.kuaishou.com/profile/3xm64dcsuyctx29
236,小涵电影解说,242,1.5万,4101,影视剪辑爱好者 每日更新 经典推荐 只做精品 来了别走哦 💗感谢快手，感谢官方💗,https://www.kuaishou.com/profile/3x5qnia6v7pupiw
237,冬冬电影解说,69,9996,3660,人生就像一部电影，每个人都是主角，每个人又都是配角，悲欢离合，喜怒哀乐是能若此深刻的体会。有时笑，有时哭。电影的时长一般是一个多小时，而自己人生的这部电影却是一生……不经意间，上半场就过去了，而后半场还在自己手中，一点一滴都在继续中……  希望每个人都能把握好现在，走完精彩的后半生。,https://www.kuaishou.com/profile/3xtzvx3jrti3vyi
238,狗哥电影解说,20,1.1万,832,,https://www.kuaishou.com/profile/3xd9q8i6pn3z7ti
239,心声电影,838,79.6万,3,,https://www.kuaishou.com/profile/3x2y3g7zrq3ste6
240,一本正经电影解说,6,90,3,承蒙厚爱。谢谢你们的每一个人的关注 和红心   于支持十分感谢。,https://www.kuaishou.com/profile/3xp9swe97sagfyg
241,小雨电影,1980,76.7万,304,视频来源网络，侵权私信联删,https://www.kuaishou.com/profile/3xgm9hf54cmnqra
242,暮云电影,660,139.3万,791,总有一部电影，让你感觉很哇塞！ 完整版点左下角↙️观看！,https://www.kuaishou.com/profile/3x5yas5hu4bp3xs
243,墨白电影,101,98.3万,5,假如说海鸟和鱼相爱是一场意外的话，能遇上你，也是我最美丽的意外！,https://www.kuaishou.com/profile/3xk5vwn6suyzuya
244,小太阳电影解说,159,1.2万,32,每天不断更新电影解说 有兴趣的可以点个关注,https://www.kuaishou.com/profile/3xzeqaaivkwx95w
245,有缘电影,706,57.1万,55,✨精彩电影  一剪到底 ✨感谢您的关注 ✨🛰️：Ning122n,https://www.kuaishou.com/profile/3xtay2sh2tczf2q
246,老东电影解说,45,1.5万,1729,老东电影解说，欢迎围观，感谢关注。电影视频来源于网络，如有侵权联删谢谢。,https://www.kuaishou.com/profile/3x532vsbixy22wk
247,灵猴电影解说,128,1万,67,🙉电影解说 🐒一部电影一个故事  🐵专做科幻，奇幻 电影  🙊感谢你的陪伴,https://www.kuaishou.com/profile/3xgys7hhchhq3jc
248,北陌电影解说,7,6万,1292,感谢大家关注  想学24小时无人直播赚米  合作V 983809738,https://www.kuaishou.com/profile/3xjm6vhvhp6xswe
249,小王电影解说,7,1.6万,609,AcFun,https://www.kuaishou.com/profile/3x4dbn9pf3dr95e
250,😁东梅电影解说,49,8081,246,深度影视解说 感谢平台 感谢支持,https://www.kuaishou.com/profile/3xakh7dwi6z5n7s
251,木偶电影解说,135,1.1万,23,😘喜欢恐怖重口电影 😍承蒙厚爱  每日一更,https://www.kuaishou.com/profile/3xipgwyf3nazzj4
252,热门动画电影解说🎬,302,7094,940,salon: karton 990,https://www.kuaishou.com/profile/3xmsr2mfve5t8di
253,星仔电影解说,574,9841,4948,电影解说@喜欢黄家驹Beyond一起支持下小弟。以后没事直播自己王者荣耀，希望大家帮忙关注看看我的直播谢谢大家关注我会继续努力。,https://www.kuaishou.com/profile/3xqd4ygum4hzdci
254,感恩电影解说,30,9.1万,227,感谢官方 感谢关注 农家军正能量官方正能量,https://www.kuaishou.com/profile/3xw2e26wphrb7u2
255,三妮电影解说,8,5919,10,每天更新精彩视频，剪辑学习，xyy771520,https://www.kuaishou.com/profile/3xmtj7r9kc5bw7y
256,春天电影解说,0,8329,199,,https://www.kuaishou.com/profile/3xr5pk5b6qk2ciq
257,电影解说-魅,97,8826,5,❤爱官方,https://www.kuaishou.com/profile/3xfd2ypfqn36ms2
258,二狗电影解说,184,1.4万,50,每天发写好看的电影,https://www.kuaishou.com/profile/3xf8wst8f25qu86
259,晓宇电影解说,12,5895,1,感谢快手平台❤️❤️ 保留完整剧情 给您展现精彩,https://www.kuaishou.com/profile/3xhsti3n6xccnfc
260,布丁电影解说,63,6610,40,刚加入快手关注就别取关了好嘛，后续给你们发福利,https://www.kuaishou.com/profile/3xeffhhdpqwg6q9
261,欣欣电影解说,68,1万,13,,https://www.kuaishou.com/profile/3xcd8r4n56qm2uu
262,教你做电影解说,2,1.2万,101,短视频引导者 影视解说  每日更新 原创剪辑  个性解说  教你一部手机                  解说电影,https://www.kuaishou.com/profile/3xtiqu6ta7dwp9g
263,玩家就是玩（电影解说）,40,6163,0,解锁更多精彩电影🎬,https://www.kuaishou.com/profile/3xk7hkenkrxt9fi
264,电影解说糖,36,1.5万,648,兴趣爱好：王者荣耀,https://www.kuaishou.com/profile/3xjbtshvh3isayc
265,刘哔电影解说,51,6587,1,每天主要更新各种恐怖电影搞笑解说以及国外搞笑视频       v⭐xiaomiangyang1994  不闲聊  请注明来意再加,https://www.kuaishou.com/profile/3x78feu8x2e2gaw
266,三少电影解说,14,8614,15,三生有幸接触到你    三生有幸你我相遇  电影解说我是认真的,https://www.kuaishou.com/profile/3xw4ntp8u2j2p8q
267,小橙子电影解说,8,6189,819,🎬同样的电影…不一样的解读 🎬电影解说 影视剧直播  🎬学习＋v   15303238972,https://www.kuaishou.com/profile/3xzj4qzk95679qu
268,冷阳电影解说,178,1.8万,59,解说各种好看的电影 欢迎关注,https://www.kuaishou.com/profile/3xie8utiiyktvhm
269,阿布~电影解说,645,1.1万,14,感谢快手平台，感谢大家的支持！☕☕☕☕,https://www.kuaishou.com/profile/3xvrndanumegxr9
270,子裕   电影解说,6,112,5,初次创作还请大家多多支持 分享解说精彩 感谢官方大大  感谢关注与支持,https://www.kuaishou.com/profile/3xdqm4qzjjn5dx2
271,咖啡电影,312,86.4万,25,讲别人的故事， 品自己的人生。,https://www.kuaishou.com/profile/3xhsa6un5e5jiqi
272,西瓜_电影解说,104,1万,1,因为热爱，所以专注,https://www.kuaishou.com/profile/3x3wvc932h9tcpk
273,啊喃电影解说,25,1万,2310,,https://www.kuaishou.com/profile/3x62x6n3phur7xk
274,东哥电影解说,110,1.1万,43,❤️：jk666959 继续传播正能量！ 感谢快手官方平台！,https://www.kuaishou.com/profile/3x7uadcr7rtnfmm
275,猫电影解说,4,7253,4868,每日更新 经典推荐 只做精品 来了别走哦 承蒙各位朋友喜爱、喜欢的朋友➕关祝 =�感谢快手=�感谢官方,https://www.kuaishou.com/profile/3xx5jqbgras9sjy
276,极速解说电影解说,207,6940,8,一部一作品 生产队的驴都不敢这么卖力 确定不关注一下吗,https://www.kuaishou.com/profile/3xgaj4id2nin3ps
277,魔方Tv电影解说,4,1.2万,8,谢谢你的关注,https://www.kuaishou.com/profile/3xhra2icjubinqu
278,小韩哥电影解说,44,2.5万,22,,https://www.kuaishou.com/profile/3xc593aa2if2p9s
279,鬟鬟电影解说,104,8869,30,每天更新原创电影解说 感谢关注 原创不易 谢绝搬运,https://www.kuaishou.com/profile/3xjbmdptc2ed66e
280,笑阳电影,49,229.1万,683,感谢官方大大！  合作：xy882888,https://www.kuaishou.com/profile/3xyrv2h85k5jaei
281,懒猫电影,779,85.6万,11,每部电影 都是一段故事 商务合作:xhm4343,https://www.kuaishou.com/profile/3xr99td53rrf6ha
282,小狐电影解说,76,7072,15,感谢🙏各位亲人们的支持与厚爱，我相信缘分会让我们相遇，本人就一个快手号！,https://www.kuaishou.com/profile/3xjq6p353iev9j2
283,子烨电影,433,127万,5,❤️‍🔥惊悚悬疑科幻恐怖欢迎观影 ⚠️创作不易 请勿搬运 发现必究,https://www.kuaishou.com/profile/3xaj84kvfqksfqq
284,瑶瑶解说电影,6,4,3,,https://www.kuaishou.com/profile/3xhxu86pun65r79
285,papi酱,272,495万,4,一个集美貌与才华于一身的女子。 商业合作邮箱：papijiang@papitube.com 【请备注papi+品牌信息】,https://www.kuaishou.com/profile/3xsx74sidgkz2bq
286,ACE-TAO黄子韬,76,3029.8万,7,永恒星龙集团董事长,https://www.kuaishou.com/profile/3xnmwxcy8snpriy
287,李晨,196,1191.6万,28,,https://www.kuaishou.com/profile/3xbitzury6kb35q
288,黄圣依,27,475.4万,19,演员、歌手。代表作品：《功夫》、《白蛇传说》、《碧血剑》、《天仙配》、《冰封侠》等。 运营团队VX：JinGuChuanQi888888   E_mail：313876408@qq.com,https://www.kuaishou.com/profile/3xkvvuedg82qiza
289,孟非,0,222.5万,4,江苏卫视主持人,https://www.kuaishou.com/profile/3xjdhjw5m4cu2fc
290,杨幂,77,2530.1万,2,,https://www.kuaishou.com/profile/3xtm9yqzwmy9rbw
291,王耀庆,234,971.3万,3,王耀庆官方快手账号,https://www.kuaishou.com/profile/3xbm37hjydcqqxa
292,宋晓峰哥,300,1216.2万,387,宋晓峰唯一快手号。  歌曲《亲爱的姑娘》 歌曲《兄弟的情》  不闲聊谢谢。  只为喜欢我的粉丝！  感谢你们的支持。,https://www.kuaishou.com/profile/3xbndvqvp9sy9me
293,芮丹尼-DannyRay,200,541.7万,13,商务V: rezvij (表明合作目的➕）   电影作品《黄飞鸿之王者归来》、《暧昧侦探》、《战地迷情》、《功夫之家》 《小娘惹》《悬崖之上》，《绣春刀 山河之影》 《抓娃娃》 《熊猫计划》,https://www.kuaishou.com/profile/3xwez6exh2dijp2
294,柳岩,702,1051.2万,18,柳岩，演员、主持人、歌手,https://www.kuaishou.com/profile/3xndki69fd3bise
295,乐嘉性格色彩,655,268.2万,6,性格色彩创始人 每月16~18日线下读心术大课,https://www.kuaishou.com/profile/3xzp3ud9j7wa5mm
296,赵四（尼古拉斯）,102,1519.8万,287,演员：刘小光   乡村爱情扮演者：赵四    气质团创始人：尼古拉斯四哥 商务合作请联系 ngls950（注明来意，非诚勿扰）,https://www.kuaishou.com/profile/3xd2avhef2h7d6w
297,王祖蓝,526,2517.2万,29,,https://www.kuaishou.com/profile/3xcw6rc9e5uxuns
298,魏新雨,186,281万,130,代表作：《百花香》《为你祈祷》《恋人心》 《余情未了》《最美的情缘》《伤离别》等… 演出合作V❤️：WXYMUS（备注来意）,https://www.kuaishou.com/profile/3xqu52ppj8fsr4i
299,杨迪,249,724.2万,56,大家好我是杨迪，原来我已经来快手这么久啦？重新玩起来！ 工作联系：yangdijob@163.com,https://www.kuaishou.com/profile/3x2ie2gpyqv8wbm
