用户名,粉丝数量,视频数量,用户简介
电影解说,,,724粉丝·0个视频发现好解说
船长电影解说,,,52.1万粉丝·1100个视频bilibili知名影视UP主
闯哥电影解说,,,12.7万粉丝·154个视频闯哥电影解说官方账号
下饭电影解说,,,2300粉丝·159个视频影视UP主老麦说电影
扒点电影解说,,,1166粉丝·74个视频扒点影视解说官方账号
表哥爱电影解说,,,5.4万粉丝·1277个视频解说各路电影总有一部电影会走进你的内心如果有你喜欢的作品就请关注一下吧。
小熊電影解说,,,4.4万粉丝·38个视频✨专业解说各类影视第三人称✨感谢你的三连鼓励，风格多样～总能给你带来惊喜！❤️
胡赞电影解说,,,2.9万粉丝·2090个视频故事，是生活的比喻……专注于解说分享有趣，有料，有知识的影片!如有侵权请联系up主删除，谢谢……
主观电影解说,,,2.8万粉丝·60个视频电影是生活的主观比喻
玄子电影解说,,,2.0万粉丝·375个视频我讲你看，喜欢你就点个赞，欢迎关注！搬运必究！
大海战争电影解说,,,1.9万粉丝·590个视频
电影解说大咖,,,1.9万粉丝·63个视频几分钟电影，满满轻松与搞笑！有什么问题欢迎私信我！vx：xcwm12
K迪电影解说,,,1.9万粉丝·656个视频更新的剧如果点赞太少，就考虑换剧了。我的主页哪几类朋友可以关注我，首先喜欢美剧，对哲学思想喜欢探讨的，对人性善恶喜欢追求的，喜欢自学中医
鸭鸭经典电影解说,,,1.8万粉丝·288个视频生活随苦，可是也要努力鸭
高分电影解说Flims,,,1.5万粉丝·734个视频专注解说，侵权请联系删除。小号科幻追星社更精彩
晓艺电影解说,,,1.0万粉丝·517个视频每天选片8小时只为输出更精彩的作品欢迎大家一起看剧专注狗头文化
冷先生电影解说,,,1.0万粉丝·436个视频
犯叔电影解说,,,9747粉丝·507个视频感谢关注，感谢平台
小花电影解说,,,7869粉丝·235个视频
阿星电影解说,,,7355粉丝·43个视频所有作品仅代表自身观点，你有不同意见我也不反驳。
周星星电影解说,,,6997粉丝·2205个视频每日更新热门电影电视剧~如有侵权，请联系up主~
流年电影解说,,,6826粉丝·3个视频bilibili知名影视up主
大家电影解说,,,6817粉丝·196个视频欢乐的喵星人，给你带来不一样的快乐
瓢虫电影解说,,,6593粉丝·141个视频我的视频很精彩，真的！
毒邪电影解说,,,6016粉丝·539个视频
猪八戒电影解说,,,5428粉丝·1731个视频游戏剪辑是一门融合游戏设计与视频编辑的创意职业，负责将游戏精彩瞬间转化为视觉盛宴。
小专员电影解说,,,5420粉丝·184个视频专注电影盘点，总有一部你喜欢！
石榴电影解说,,,5001粉丝·70个视频沉浸在电影世界，体会百态人生！
南瓜电影解说,,,4588粉丝·225个视频
荣姨电影解说,,,4396粉丝·343个视频
独白电影解说,,,4035粉丝·97个视频咸鱼解说，不更新的时候就是在打工～
大眼侃电影解说,,,3883粉丝·477个视频这是一个逗比电影解说人
怡宝电影解说,,,3681粉丝·118个视频感谢关注，祝大家龙年行大运。
咸鱼电影解说,,,3519粉丝·141个视频什么电影都会剪辑一点
猛虎电影解说,,,3017粉丝·482个视频
靠谱君电影解说,,,2866粉丝·368个视频韩剧美剧大陆剧，句句不落
毒邪电影解说,,,6016粉丝·539个视频
猪八戒电影解说,,,5428粉丝·1731个视频游戏剪辑是一门融合游戏设计与视频编辑的创意职业，负责将游戏精彩瞬间转化为视觉盛宴。
小专员电影解说,,,5420粉丝·184个视频专注电影盘点，总有一部你喜欢！
石榴电影解说,,,5001粉丝·70个视频沉浸在电影世界，体会百态人生！
南瓜电影解说,,,4588粉丝·225个视频
荣姨电影解说,,,4396粉丝·343个视频
独白电影解说,,,4035粉丝·97个视频咸鱼解说，不更新的时候就是在打工～
大眼侃电影解说,,,3883粉丝·477个视频这是一个逗比电影解说人
怡宝电影解说,,,3681粉丝·118个视频感谢关注，祝大家龙年行大运。
咸鱼电影解说,,,3519粉丝·141个视频什么电影都会剪辑一点
猛虎电影解说,,,3017粉丝·482个视频
靠谱君电影解说,,,2866粉丝·368个视频韩剧美剧大陆剧，句句不落
电影解说探长,,,2691粉丝·23个视频
小憨憨电影解说,,,2639粉丝·186个视频动漫解说
毒叔电影解说,,,2569粉丝·98个视频专注纪录片解说，关注我带你看人间百态
老六泡菜国电影解说,,,2480粉丝·245个视频别看我收藏
喜洋洋电影解说,,,2454粉丝·287个视频一键三连赞，私我拿种子。小店只售卖情侣用品
沉浸式电影解说,,,2445粉丝·1126个视频艺术！这就是艺术！为你精选新片，和值得重温的好片沉浸式解说，用心讲好每一部电影
阿祖犯罪电影解说,,,2364粉丝·157个视频人称广东吴彦祖，一个专注于犯罪电影解说的男人
樱桃电影解说,,,2144粉丝·65个视频
小张说电影解说,,,2098粉丝·27个视频一个热爱电影的人，和广大网友分享
芒果电影解说,,,2016粉丝·64个视频
阿澈电影解说,,,2002粉丝·39个视频网罗最新恐怖电影
豆浆电影解说,,,1964粉丝·7个视频豆浆配油条，再配部好电影
小玫电影解说,,,1921粉丝·23个视频互关
墨爱电影解说,,,1866粉丝·53个视频
佳鑫电影解说,,,1830粉丝·73个视频每天分享精彩影视，感谢各位up的支持
电影解说路人乙,,,1772粉丝·1个视频谢谢你的关注更新电影解说
喵咔电影解说,,,1753粉丝·39个视频日更up！如有侵权，联系立即删除。
小神电影解说,,,1713粉丝·172个视频有关必回、日更电影解说/人文历史/路人搞怪/自然风光等！另：一周清理一次未回关博主、谢谢！
神烦XP的电影解说,,,1703粉丝·978个视频
X电影解说,,,1699粉丝·119个视频战争电影解说，感谢支持关注。
心雨电影解说,,,1688粉丝·396个视频每天有空都会给大家更新视频，喜欢心雨小姐姐，大家多多支持关注我。
小明哥电影解说,,,1662粉丝·66个视频
内涵电影解说,,,1658粉丝·5个视频
雲山电影解说,,,1571粉丝·11个视频诚信互
小玫电影解说,,,1921粉丝·23个视频互关
墨爱电影解说,,,1866粉丝·53个视频
佳鑫电影解说,,,1830粉丝·73个视频每天分享精彩影视，感谢各位up的支持
电影解说路人乙,,,1772粉丝·1个视频谢谢你的关注更新电影解说
喵咔电影解说,,,1753粉丝·39个视频日更up！如有侵权，联系立即删除。
小神电影解说,,,1713粉丝·172个视频有关必回、日更电影解说/人文历史/路人搞怪/自然风光等！另：一周清理一次未回关博主、谢谢！
神烦XP的电影解说,,,1703粉丝·978个视频
X电影解说,,,1699粉丝·119个视频战争电影解说，感谢支持关注。
心雨电影解说,,,1688粉丝·396个视频每天有空都会给大家更新视频，喜欢心雨小姐姐，大家多多支持关注我。
小明哥电影解说,,,1662粉丝·66个视频
内涵电影解说,,,1658粉丝·5个视频
雲山电影解说,,,1571粉丝·11个视频诚信互
荔枝电影解说,,,1568粉丝·42个视频
晚江电影解说,,,1525粉丝·40个视频
蜜枣电影解说,,,1513粉丝·41个视频
小华电影解说,,,1430粉丝·56个视频
小宇电影解说,,,1425粉丝·140个视频分享好电影，分享好生活！
小黄电影解说,,,1403粉丝·329个视频祖国版Labubu请私信我
橘子电影解说,,,1396粉丝·4个视频
恐怖电影解说,,,1356粉丝·81个视频
电影解说博主,,,1350粉丝·8个视频B站短视频博主
大大零电影解说,,,1349粉丝·557个视频
小蜜瓜电影解说,,,1347粉丝·66个视频
影啊电影解说,,,1305粉丝·61个视频感谢大家的支持，点个关注精彩不迷路
剪刀电影解说,,,1273粉丝·166个视频
扑克脸-电影解说,,,1271粉丝·70个视频打造全网各种剧集解说，想听哪个剧欢迎留言
船长电影解说哦,,,1249粉丝·12个视频
野人电影解说-,,,1233粉丝·454个视频
熊二电影解说,,,1232粉丝·28个视频感谢平台！持续更新各种电影！喜欢什么电影可以评论区告诉我！
康哥电影解说,,,1216粉丝·93个视频
wo电影解说,,,1184粉丝·1146个视频互赞互关
可莉电影解说,,,1170粉丝·178个视频可莉电影解说
时代影视电影解说,,,1128粉丝·546个视频
蓝莓电影解说,,,1128粉丝·300个视频
光子电影解说,,,1101粉丝·38个视频感谢官方，感谢关注，有关必回每日更新原创作品，期待您的光临！
旧梦电影解说,,,1075粉丝·82个视频感谢关注感谢平台❤️
剪刀电影解说,,,1273粉丝·166个视频
扑克脸-电影解说,,,1271粉丝·70个视频打造全网各种剧集解说，想听哪个剧欢迎留言
船长电影解说哦,,,1249粉丝·12个视频
野人电影解说-,,,1233粉丝·454个视频
熊二电影解说,,,1232粉丝·28个视频感谢平台！持续更新各种电影！喜欢什么电影可以评论区告诉我！
康哥电影解说,,,1216粉丝·93个视频
wo电影解说,,,1184粉丝·1146个视频互赞互关
可莉电影解说,,,1170粉丝·178个视频可莉电影解说
时代影视电影解说,,,1128粉丝·546个视频
蓝莓电影解说,,,1128粉丝·300个视频
光子电影解说,,,1101粉丝·38个视频感谢官方，感谢关注，有关必回每日更新原创作品，期待您的光临！
旧梦电影解说,,,1075粉丝·82个视频感谢关注感谢平台❤️
醉梦电影解说,,,1068粉丝·85个视频
Rex电影解说,,,1045粉丝·38个视频侵权请联系删除
草根电影解说,,,1038粉丝·191个视频
小破孩电影解说,,,1036粉丝·25个视频这个家伙很懒，什么也没留下！
沐呵电影解说,,,989粉丝·23个视频
啊杰电影解说,,,975粉丝·236个视频
挚爱电影解说,,,958粉丝·54个视频喜欢的关注一下.
谵滕电影解说,,,954粉丝·157个视频小小up主，剪剪各种视频，多谢b站提供一个这么友爱的平台
小杰电影解说jx,,,938粉丝·55个视频同样的影视，二样的解说，精彩片段影视分享
小怪兽电影解说,,,929粉丝·218个视频用心带来精彩的解说与影评喜欢的朋友长按点赞，顺便评论这样我的电影会被更多喜欢恐怖片的人发现
老黄的电影解说,,,923粉丝·97个视频
小儛电影解說,,,915粉丝·594个视频
小杰电影解说xj,,,911粉丝·74个视频影视解说剪辑，同样的电影不一样的解答
小默电影解说o,,,896粉丝·410个视频
小空电影解说,,,818粉丝·35个视频
大冰电影解说,,,788粉丝·1009个视频
茶余电影解说互关,,,786粉丝·28个视频
Mk电影解说,,,783粉丝·47个视频
叭叭电影解说,,,765粉丝·1607个视频好电影可以改变人生
型男电影解说,,,753粉丝·16个视频欢迎关注型男电影解说
山竹讲电影解说,,,743粉丝·192个视频
子航电影解说,,,739粉丝·110个视频赵钱孙李，周吴郑王大家好，我是陈子航加关注，更多精彩内容为您呈现
阿梦电影解说,,,732粉丝·24个视频喜欢搞笑的电影解说人，解说尽力遵循电影本身，解说不是胡说，大家如果喜欢看就关注下吧。
亿彤彤电影解说,,,720粉丝·17个视频
小杰电影解说xj,,,911粉丝·74个视频影视解说剪辑，同样的电影不一样的解答
小默电影解说o,,,896粉丝·410个视频
小空电影解说,,,818粉丝·35个视频
大冰电影解说,,,788粉丝·1009个视频
茶余电影解说互关,,,786粉丝·28个视频
Mk电影解说,,,783粉丝·47个视频
叭叭电影解说,,,765粉丝·1607个视频好电影可以改变人生
型男电影解说,,,753粉丝·16个视频欢迎关注型男电影解说
山竹讲电影解说,,,743粉丝·192个视频
子航电影解说,,,739粉丝·110个视频赵钱孙李，周吴郑王大家好，我是陈子航加关注，更多精彩内容为您呈现
阿梦电影解说,,,732粉丝·24个视频喜欢搞笑的电影解说人，解说尽力遵循电影本身，解说不是胡说，大家如果喜欢看就关注下吧。
亿彤彤电影解说,,,720粉丝·17个视频
白舌电影解说,,,706粉丝·87个视频看电影可以改变人生！
毒舌电影解说-,,,703粉丝·138个视频
鸡哥电影解说,,,690粉丝·203个视频滨普味道电影解说
小咪电影解说,,,659粉丝·11个视频
电影解说窝,,,649粉丝·74个视频喜欢吻戏的看过来，这里有你喜欢的
记得电影解说,,,637粉丝·49个视频谢谢各位的关注如有侵权请联系我，马上删除
蛋神电影解说,,,629粉丝·15个视频看什么看
小麓电影解说,,,618粉丝·40个视频
今天电影解说,,,618粉丝·55个视频同样的电影不同的解读
超哥电影解说-,,,605粉丝·62个视频绝巘多生怪柏.
超然电影解说,,,595粉丝·9个视频没有任何解说可以替代原片每一部电影中都值得自己体验完整剧情祝您早安午安晚安
短电影解说,,,593粉丝·80个视频
电影解说A,,,586粉丝·172个视频
肿尼电影解说,,,584粉丝·570个视频
笨鸟电影解说,,,579粉丝·137个视频解说优质影视作品，为朋友们带来最新的影视体验，让好的优质影视作品重回大众视野。想要影视资源的可以私信我，我的资源存在百度网盘。
电影解说0,,,574粉丝·28个视频热爱生活积极向上?
三分终电影解说,,,573粉丝·15个视频专业电影解说
猫王电影解说呀,,,572粉丝·807个视频
熊猫高分电影解说,,,568粉丝·43个视频全球高分电影推荐！用电影传递正能量！
小愿电影解说,,,529粉丝·21个视频更新全网最新影视
三角电影解说,,,518粉丝·84个视频专注影视解说一个正在努力的小剧场
野猫电影解说,,,507粉丝·11个视频看百部电影！！品百味人生！！
老马第一视角电影解说,,,498粉丝·2个视频创业可以私信，项目永久免费
cool电影解说,,,488粉丝·10个视频
电影解说A,,,586粉丝·172个视频
肿尼电影解说,,,584粉丝·570个视频
笨鸟电影解说,,,579粉丝·137个视频解说优质影视作品，为朋友们带来最新的影视体验，让好的优质影视作品重回大众视野。想要影视资源的可以私信我，我的资源存在百度网盘。
电影解说0,,,574粉丝·28个视频热爱生活积极向上?
三分终电影解说,,,573粉丝·15个视频专业电影解说
猫王电影解说呀,,,572粉丝·807个视频
熊猫高分电影解说,,,568粉丝·43个视频全球高分电影推荐！用电影传递正能量！
小愿电影解说,,,529粉丝·21个视频更新全网最新影视
三角电影解说,,,518粉丝·84个视频专注影视解说一个正在努力的小剧场
野猫电影解说,,,507粉丝·11个视频看百部电影！！品百味人生！！
老马第一视角电影解说,,,498粉丝·2个视频创业可以私信，项目永久免费
cool电影解说,,,488粉丝·10个视频
王者电影解说,,,481粉丝·62个视频爱电影，爱生活，爱你们！
电影解说教程,,,468粉丝·7个视频有需要加Wnian1993
GTS巨大娘电影解说,,,464粉丝·6个视频qq3285735181完整
芯说电影解说,,,450粉丝·3个视频恭喜你发现一位宝藏作者希望我的故事能让你快乐
雷霆电影解说,,,449粉丝·220个视频原创电影解说持续更新！
专注优质电影解说,,,"437粉丝·192个视频专注优质电影解说,每日更新"
次敖电影解说,,,430粉丝·23个视频求各位看官点点关注
漫威电影解说,,,430粉丝·30个视频解说漫威电影关注我会给你们带来精彩电影合集
7夜电影解说,,,422粉丝·85个视频爱生活爱电影
佳佳电影解说,,,419粉丝·54个视频不定期更新电影解说，记得观看哦
哈电影解说,,,416粉丝·202个视频
旺仔电影解说大全,,,406粉丝·204个视频你们好
大白主人电影解说,,,404粉丝·105个视频谢谢关注谢谢观看爱你们
大笑电影解说,,,403粉丝·8个视频关注我，每天给大家带来更多精彩作品。
糕糕电影解说,,,399粉丝·37个视频
梅狸猫电影解说,,,393粉丝·42个视频“人生就一次，何不曾大胆”“知其不可为而为之”
小屋电影解说,,,387粉丝·61个视频看一部电影，品百味人生！我是小屋!
a伟电影解说,,,382粉丝·7个视频新人up主，不定时更新我自己觉得很不错的电影如果看完觉得还可以的话，请大家多支持支持~
大白电影解说1,,,378粉丝·114个视频专心解说电影
琳琳电影解说鸭,,,372粉丝·128个视频做一名有温度的解说
扶摇电影解说,,,369粉丝·19个视频捕捉瞬间，定格流年
华宇电影解说,,,365粉丝·85个视频专注影视解说，你喜欢看的告诉我，我讲给你听，把你感悟到的留言给我我们一起分享
迷途殇电影解说,,,352粉丝·29个视频
鸿利高分电影解说,,,350粉丝·46个视频每日不断更，粉丝就是我更新的动力，用你的小指一点，留下你的关注，以后有机会看到更多高质量作品
大白主人电影解说,,,404粉丝·105个视频谢谢关注谢谢观看爱你们
大笑电影解说,,,403粉丝·8个视频关注我，每天给大家带来更多精彩作品。
糕糕电影解说,,,399粉丝·37个视频
梅狸猫电影解说,,,393粉丝·42个视频“人生就一次，何不曾大胆”“知其不可为而为之”
小屋电影解说,,,387粉丝·61个视频看一部电影，品百味人生！我是小屋!
a伟电影解说,,,382粉丝·7个视频新人up主，不定时更新我自己觉得很不错的电影如果看完觉得还可以的话，请大家多支持支持~
大白电影解说1,,,378粉丝·114个视频专心解说电影
琳琳电影解说鸭,,,372粉丝·128个视频做一名有温度的解说
扶摇电影解说,,,369粉丝·19个视频捕捉瞬间，定格流年
华宇电影解说,,,365粉丝·85个视频专注影视解说，你喜欢看的告诉我，我讲给你听，把你感悟到的留言给我我们一起分享
迷途殇电影解说,,,352粉丝·29个视频
鸿利高分电影解说,,,350粉丝·46个视频每日不断更，粉丝就是我更新的动力，用你的小指一点，留下你的关注，以后有机会看到更多高质量作品
德州电影解说员,,,348粉丝·1个视频
小明的电影解说,,,346粉丝·17个视频一部电影一个故事感谢关注
豪哥电影解说,,,333粉丝·76个视频
懒趴趴电影解说,,,330粉丝·12个视频爱上生活爱上看电影解说不一样的电影
萧洒锅电影解说,,,328粉丝·527个视频电影解说，一剪到底七分钟带你看完整电影
随身电影解说,,,318粉丝·36个视频可以互赞周六一回关点关注平时用的东西同时感谢副业小讲堂素材网：影视作品一一看片狂人。超清图片，短视频一一千图网。音乐网一一​爱给​网​
同志电影解说,,,309粉丝·13个视频致力于推广LGBT题材的优秀影片！坚持一件事有多难？我想试试。
负负的惊悚电影解说,,,301粉丝·59个视频欢迎大家来观看我解说的惊悚电影吧！
JY电影解说,,,295粉丝·4个视频一部电影一个人生。
盘古电影解说,,,288粉丝·6个视频
小鱼电影解说,,,288粉丝·63个视频给我十分钟，还原给你一部最精彩的电影！
紫菜电影解说,,,287粉丝·44个视频一口气看完历史大事件
az电影解说,,,281粉丝·86个视频
龙井电影解说,,,278粉丝·24个视频分享精彩电影解说，带你3分钟碎片时间看电影
戏说的电影解说,,,272粉丝·35个视频
奇叔电影解说,,,270粉丝·10个视频精彩解说，持续更新.感谢官方提供平台
粤姐电影解说,,,263粉丝·45个视频精彩好看的电影解说，尽在粤姐说电影记得点赞，关注加评论哦
电影解说推荐221,,,260粉丝·60个视频
奶酪电影解说,,,259粉丝·76个视频
若兰电影解说,,,254粉丝·45个视频第一次入住B站，大家多多关照，点点赞，点点关注，
海岸电影解说,,,246粉丝·171个视频有趣的动作，人性的电影解说…
毒舌电影解说官方频道,,,241粉丝·7个视频
千安电影解说,,,238粉丝·97个视频
火锅电影解说,,,237粉丝·909个视频
az电影解说,,,281粉丝·86个视频
龙井电影解说,,,278粉丝·24个视频分享精彩电影解说，带你3分钟碎片时间看电影
戏说的电影解说,,,272粉丝·35个视频
奇叔电影解说,,,270粉丝·10个视频精彩解说，持续更新.感谢官方提供平台
粤姐电影解说,,,263粉丝·45个视频精彩好看的电影解说，尽在粤姐说电影记得点赞，关注加评论哦
电影解说推荐221,,,260粉丝·60个视频
奶酪电影解说,,,259粉丝·76个视频
若兰电影解说,,,254粉丝·45个视频第一次入住B站，大家多多关照，点点赞，点点关注，
海岸电影解说,,,246粉丝·171个视频有趣的动作，人性的电影解说…
毒舌电影解说官方频道,,,241粉丝·7个视频
千安电影解说,,,238粉丝·97个视频
火锅电影解说,,,237粉丝·909个视频
二牛电影解说i,,,233粉丝·353个视频一头讲故事的牛感谢关注
小默电影解説,,,221粉丝·507个视频听完这个故事就睡！
小威犯罪电影解说,,,214粉丝·27个视频专注于犯罪类电影解说的小威，总能找到你们喜欢看的那个犯罪电影
沁电影解说,,,210粉丝·17个视频
阿肥情感电影解说,,,205粉丝·51个视频大家好，我是想瘦又瘦不下来，爱好解说情感电影的阿肥
靓仔电影解说,,,205粉丝·209个视频
小吴电影解说12,,,199粉丝·101个视频如有侵权联系必删
黑蛇电影解说,,,194粉丝·4个视频如有侵权，联系必删。
暴力电影解说,,,192粉丝·1个视频不一样的视角看电影最震撼内心的暗黑故事最毛骨悚然的画外之音御姐钟爱暴力片
十一电影解说,,,190粉丝·118个视频
心子曰_原创电影解说,,,189粉丝·31个视频新浪微博：心子曰_原创电影解说喜欢我就关注我～么么哒
海鸥电影解说,,,184粉丝·85个视频
DK电影解说,,,179粉丝·5个视频专业角度解说影视作品，邀您分享不一样的视界
70电影解说,,,178粉丝·343个视频
AK电影解说,,,176粉丝·8个视频不定期更新国外猎奇探险视频
大M电影解说,,,176粉丝·18个视频
小刀电影解说,,,174粉丝·48个视频关注我不迷路...但迷糊...
拆蛋电影解说,,,174粉丝·29个视频感谢关注
第五人格-电影解说,,,173粉丝·31个视频好的电影千千万，我的解说占一半。
催泪电影解说,,,163粉丝·1个视频
没钱途电影解说,,,163粉丝·52个视频
眼镜电影解说,,,162粉丝·80个视频
猴哥电影解说,,,159粉丝·25个视频会给大家分享各种各样的电影，请大家给我投币关注转发收藏。
小儛电影解説,,,158粉丝·428个视频有片荒的同学请关注我。每天更新原创电影解说。
DK电影解说,,,179粉丝·5个视频专业角度解说影视作品，邀您分享不一样的视界
70电影解说,,,178粉丝·343个视频
AK电影解说,,,176粉丝·8个视频不定期更新国外猎奇探险视频
大M电影解说,,,176粉丝·18个视频
小刀电影解说,,,174粉丝·48个视频关注我不迷路...但迷糊...
拆蛋电影解说,,,174粉丝·29个视频感谢关注
第五人格-电影解说,,,173粉丝·31个视频好的电影千千万，我的解说占一半。
催泪电影解说,,,163粉丝·1个视频
没钱途电影解说,,,163粉丝·52个视频
眼镜电影解说,,,162粉丝·80个视频
猴哥电影解说,,,159粉丝·25个视频会给大家分享各种各样的电影，请大家给我投币关注转发收藏。
小儛电影解説,,,158粉丝·428个视频有片荒的同学请关注我。每天更新原创电影解说。
辉煌星空电影解说,,,157粉丝·71个视频搞笑电影故事等你来笑纳
太阳电影解说,,,154粉丝·30个视频原创作品独立风格一部电影一个故事制作不易每日一更点个关注好看不迷路
鹿哥电影解说,,,154粉丝·15个视频
南一电影解说,,,148粉丝·84个视频
k哥电影解说,,,145粉丝·16个视频
快客电影解说A,,,143粉丝·43个视频酣畅淋漓的故事，激情四射的解说，要看就要看最野的剧情
新年电影解说,,,141粉丝·239个视频专注灵异剧解说
热门电影解说,,,138粉丝·376个视频
卡通电影解说,,,136粉丝·10个视频
瑞戈电影解说,,,134粉丝·1个视频
后羿电影解说,,,132粉丝·15个视频走过路过，不要错过，常来看看
萌新影视电影解说,,,130粉丝·9个视频
无极电影解说,,,129粉丝·1个视频漫画解说君
白云电影解说,,,129粉丝·41个视频互关互赞，看见立马秒关
硬币电影解说,,,127粉丝·15个视频剪辑赚学费，请大家多多支持，点赞投币，一天一至两更
电影解说号,,,126粉丝·737个视频喜欢的可以关注哦，持续更新中，拒绝一剪没，可以留言喜欢看的电影，博主会尽自己所能去找哦求一键三连???
烯烯电影解说,,,125粉丝·11个视频互关互粉报团取暖，加油UP们！
兜兜电影解说,,,125粉丝·23个视频一个简单的故事讲述者
D哥电影解说,,,120粉丝·79个视频专注于发现好电影，从电影中感悟人生！
左左电影解说,,,118粉丝·53个视频每天分享经典电影，趣味点评，让电影更好玩
诗诗电影解说,,,118粉丝·26个视频诗诗电影解说
杨杨电影解说,,,118粉丝·43个视频点个关注呗，努力推荐好看的影视！
長江电影解说,,,117粉丝·117个视频
惊悚馆电影解说,,,116粉丝·85个视频影视资源（+:ROSE663698）专注于惊悚恐怖悬疑大片未成年请谨慎观看
无极电影解说,,,129粉丝·1个视频漫画解说君
白云电影解说,,,129粉丝·41个视频互关互赞，看见立马秒关
硬币电影解说,,,127粉丝·15个视频剪辑赚学费，请大家多多支持，点赞投币，一天一至两更
电影解说号,,,126粉丝·737个视频喜欢的可以关注哦，持续更新中，拒绝一剪没，可以留言喜欢看的电影，博主会尽自己所能去找哦求一键三连???
烯烯电影解说,,,125粉丝·11个视频互关互粉报团取暖，加油UP们！
兜兜电影解说,,,125粉丝·23个视频一个简单的故事讲述者
D哥电影解说,,,120粉丝·79个视频专注于发现好电影，从电影中感悟人生！
左左电影解说,,,118粉丝·53个视频每天分享经典电影，趣味点评，让电影更好玩
诗诗电影解说,,,118粉丝·26个视频诗诗电影解说
杨杨电影解说,,,118粉丝·43个视频点个关注呗，努力推荐好看的影视！
長江电影解说,,,117粉丝·117个视频
惊悚馆电影解说,,,116粉丝·85个视频影视资源（+:ROSE663698）专注于惊悚恐怖悬疑大片未成年请谨慎观看
养生电影-解说,,,115粉丝·19个视频花最少的时间看电影，留更多时间去休闲养生！
星辰电影解说-,,,114粉丝·10个视频一部电影，一段不一样的人生
重温电影解说,,,112粉丝·1个视频专注经典电影高质量解说在经典帧率里寻找时代的瞳孔
阿帅电影解说,,,112粉丝·16个视频解说电影已成为生活的一部份，我会用心解说好每一部电影的
黑客电影解说,,,109粉丝·42个视频每天更新发布新视频
魅力电影解说,,,107粉丝·245个视频这是一个神秘的人！他的故事很多！
树苗电影解说,,,107粉丝·45个视频经典影视剪辑，每天坚持更新原创视频！
J啊杰电影解说,,,107粉丝·379个视频同样的电影，不同的解读。
鹿哨电影解说,,,104粉丝·133个视频这个人很神秘你要关注才知道他
楠光电影解说,,,101粉丝·414个视频享受人生，热爱电影❗用心解说每部哇塞影片?为你枯燥的生活增添一点乐趣！
小鹿君电影解说,,,101粉丝·64个视频
三生电影解说,,,100粉丝·40个视频
拌面电影解说,,,100粉丝·53个视频同样的电影，不同的是视角，独特的是说词，关注拌面电影，品味不一样的感觉！
宣萱电影解说,,,100粉丝·11个视频
一豆电影解说,,,99粉丝·149个视频定期更新科幻/悬疑类美剧欢迎大家和我一起交流
土逗影视电影解说,,,98粉丝·60个视频一位分享影视、电影解说的影视爱好者，专注于电影解说。欢迎关注！
电影解说分享君,,,98粉丝·4个视频
小赵电影解说,,,95粉丝·25个视频
莫小豆电影解说z,,,94粉丝·27个视频影视剪辑
二牛电影解说,,,91粉丝·21个视频
恐龙电影解说,,,"90粉丝·7个视频感谢b站,提供这么好的平台持续更新大型电视剧动画视频内容虚构仅提供娱乐感谢您的支持与关注"
纷享电影解说,,,89粉丝·48个视频❤️看一部电影，品百味人生❤️与您“纷享”值回票价与会员价好片！
小侠电影解说,,,89粉丝·1个视频电影解说
来电显示电影解说,,,89粉丝·7个视频分享短片及电影周边视频
拌面电影解说,,,100粉丝·53个视频同样的电影，不同的是视角，独特的是说词，关注拌面电影，品味不一样的感觉！
宣萱电影解说,,,100粉丝·11个视频
一豆电影解说,,,99粉丝·149个视频定期更新科幻/悬疑类美剧欢迎大家和我一起交流
土逗影视电影解说,,,98粉丝·60个视频一位分享影视、电影解说的影视爱好者，专注于电影解说。欢迎关注！
电影解说分享君,,,98粉丝·4个视频
小赵电影解说,,,95粉丝·25个视频
莫小豆电影解说z,,,94粉丝·27个视频影视剪辑
二牛电影解说,,,91粉丝·21个视频
恐龙电影解说,,,"90粉丝·7个视频感谢b站,提供这么好的平台持续更新大型电视剧动画视频内容虚构仅提供娱乐感谢您的支持与关注"
纷享电影解说,,,89粉丝·48个视频❤️看一部电影，品百味人生❤️与您“纷享”值回票价与会员价好片！
小侠电影解说,,,89粉丝·1个视频电影解说
来电显示电影解说,,,89粉丝·7个视频分享短片及电影周边视频
top电影解说,,,89粉丝·20个视频
追光逐影-电影解说,,,88粉丝·2个视频
凯特电影解说,,,86粉丝·90个视频❤️希望大家能喜欢我的作品❤️每天更新优质作品❤️感谢点赞，感谢关注，欢迎留言评论❤️你们的支持就是我最大的动力
小D电影解说,,,86粉丝·33个视频
幻觉电影解说,,,85粉丝·52个视频
易哥电影解说,,,85粉丝·9个视频大家好，我是易哥，每天更新影视解说。
翘嘴电影解说,,,84粉丝·148个视频惊悚恐怖电影解说感谢关注每日一更这里有你没看过的恐怖电影更多稀有电影解说
小雕电影解说,,,84粉丝·62个视频每日更新精彩电影解说，如有侵权请联系UP删除，没有动静就是在修仙。
小憨电影解说,,,79粉丝·295个视频专注电影解说感谢关注
犀牛电影解说,,,77粉丝·36个视频感谢官方感谢观看影视解说
小苹果电影解说,,,77粉丝·36个视频
小闯电影解说,,,76粉丝·17个视频
闪电电影解说,,,75粉丝·27个视频专注于经典电影解说分享
经典电影解说,,,75粉丝·1个视频
情歌电影解说,,,73粉丝·9个视频刚来的萌新大家多多关照。
小米电影解说,,,72粉丝·7个视频点点关注不迷路
可爱多电影解说,,,72粉丝·51个视频看看电影解说，减速⏪省时间
鼓人云电影解说,,,72粉丝·46个视频鼓人云：看电影品味道乐在其中用娱乐的方式解读电影
悬疑电影解说,,,70粉丝·34个视频专注解说悬疑，烧脑，犯罪电影
阿梦电影解说0,,,68粉丝·2个视频?不忘初心方得始终❤️电影解说创作者?精彩视频，每日更新
东林电影解说,,,67粉丝·78个视频笑一个吧功成名就不是目的让自己快乐快乐才是意义
杰哥电影解说,,,67粉丝·8个视频
凤梨电影解说,,,67粉丝·4个视频
未知航线电影解说,,,66粉丝·22个视频大家好，我是未知航线电影解说，关注我，我将带你探索未知星际、解码未来科技、探索人类文明。一起畅想未来，开启无限遐想之旅。
闪电电影解说,,,75粉丝·27个视频专注于经典电影解说分享
经典电影解说,,,75粉丝·1个视频
情歌电影解说,,,73粉丝·9个视频刚来的萌新大家多多关照。
小米电影解说,,,72粉丝·7个视频点点关注不迷路
可爱多电影解说,,,72粉丝·51个视频看看电影解说，减速⏪省时间
鼓人云电影解说,,,72粉丝·46个视频鼓人云：看电影品味道乐在其中用娱乐的方式解读电影
悬疑电影解说,,,70粉丝·34个视频专注解说悬疑，烧脑，犯罪电影
阿梦电影解说0,,,68粉丝·2个视频?不忘初心方得始终❤️电影解说创作者?精彩视频，每日更新
东林电影解说,,,67粉丝·78个视频笑一个吧功成名就不是目的让自己快乐快乐才是意义
杰哥电影解说,,,67粉丝·8个视频
凤梨电影解说,,,67粉丝·4个视频
未知航线电影解说,,,66粉丝·22个视频大家好，我是未知航线电影解说，关注我，我将带你探索未知星际、解码未来科技、探索人类文明。一起畅想未来，开启无限遐想之旅。
哈哈电影解说,,,65粉丝·32个视频
尚川电影解说,,,64粉丝·57个视频专注电影解说3年，只讲完整的电影，老司机开车，每天一部电影，让你一口气看到爽，请放心关注我，谢谢大家的支持！
大虎电影解说,,,63粉丝·160个视频电影解说电影爱好者
电影解说雕哥,,,63粉丝·7个视频
冰鱼电影解说,,,62粉丝·26个视频
土豆哥电影解说,,,60粉丝·57个视频带你看不一样的电影解说
动作电影解说1,,,60粉丝·59个视频影视解说
小一电影解说,,,60粉丝·8个视频电影解说，总有一部适合你！
百科电影解说,,,58粉丝·12个视频我说你听，电影里的故事。
斯巴达电影解说,,,56粉丝·42个视频还有什么比沉浸在电影世界里更好玩呢????—原创解说????—只为有你的关注❤️
顾我电影解说,,,56粉丝·13个视频
魔力格格电影解说,,,56粉丝·33个视频看过多少烂片，才能挑出特别的好片大家的关注就是我创作的最大动力
LOOK电影解说,,,55粉丝·47个视频每日更新，没更就在憋大招
自由者电影解说,,,55粉丝·49个视频
小张电影解说123,,,55粉丝·4个视频））
梨子电影解说,,,54粉丝·69个视频
维塔电影解说室,,,54粉丝·13个视频
苏晨电影解说,,,53粉丝·5个视频喜欢点个关注
云吞电影解说,,,53粉丝·10个视频啦啦啦啦啦啦
电影解说有你有我,,,52粉丝·25个视频带你一起，影视新大陆，走起
洋葱电影解说b站,,,51粉丝·65个视频
物影电联二战电影解说,,,51粉丝·1个视频二战题材电影解说频道
地瓜电影解说汇,,,51粉丝·107个视频简单观影，简单生活！
小胡电影解说,,,51粉丝·1个视频喜欢你的一切喜欢你的所有
LOOK电影解说,,,55粉丝·47个视频每日更新，没更就在憋大招
自由者电影解说,,,55粉丝·49个视频
小张电影解说123,,,55粉丝·4个视频））
梨子电影解说,,,54粉丝·69个视频
维塔电影解说室,,,54粉丝·13个视频
苏晨电影解说,,,53粉丝·5个视频喜欢点个关注
云吞电影解说,,,53粉丝·10个视频啦啦啦啦啦啦
电影解说有你有我,,,52粉丝·25个视频带你一起，影视新大陆，走起
洋葱电影解说b站,,,51粉丝·65个视频
物影电联二战电影解说,,,51粉丝·1个视频二战题材电影解说频道
地瓜电影解说汇,,,51粉丝·107个视频简单观影，简单生活！
小胡电影解说,,,51粉丝·1个视频喜欢你的一切喜欢你的所有
SuChen电影解说,,,50粉丝·21个视频好的电影需要用心品味
天马行空の电影解说,,,50粉丝·27个视频发挥人类的极限想象空间，未来与魔幻同在
何公子电影解说,,,48粉丝·71个视频乐观积极向上解说好每部电影比如说科幻系列电影
蒙眼电影解说,,,48粉丝·5个视频
六公主电影解说,,,47粉丝·104个视频传说中的六公主本尊，一键三连吧！
橙子电影解说i,,,47粉丝·2个视频每天更新感谢关注和支持
大施兄电影解说,,,47粉丝·8个视频一个刚学会用剪辑软件的新手电影剪辑解说?
onceking电影解说,,,46粉丝·13个视频
刘哥电影解说,,,46粉丝·150个视频刘哥带你了解更多的故事
莫妮卡电影解说,,,46粉丝·94个视频
森哥电影解说,,,46粉丝·393个视频一个电影爱好者，用更短的时间，带你看更多的电影。视频每天更新，感谢关注与点赞，你们的支持是我最大的动力！
考拉电影解说,,,46粉丝·3个视频关注我，定期推荐更多好看的电影。
小帅电影解说g,,,45粉丝·50个视频
主现电影解说,,,45粉丝·58个视频每天更新非常感谢您的关注
电影解说桃,,,45粉丝·20个视频
小葫芦电影解说,,,44粉丝·25个视频
飞猫电影解说,,,43粉丝·558个视频精彩影视看不停，欢迎关注～
嘉嘉电影解说,,,43粉丝·71个视频一个只看不说的男人
电影解说小白,,,42粉丝·21个视频新人up，互粉必回
尤里有剧电影解说,,,42粉丝·3个视频看一部电影，品百味人生
启儿电影解说,,,42粉丝·16个视频越努力越幸福
北方电影解说,,,41粉丝·73个视频好电影持续更新敬请期待感谢您的关注我会继续努力
小钻风电影解说,,,39粉丝·72个视频一个视频非专职的剪辑的新人，希望大家喜欢。尽量做好每一部剧，有什么想看的私信我呗。
平平电影解说,,,39粉丝·14个视频一位喜欢电影解说的up主，谢谢大家的支持，初来乍到！
小帅电影解说g,,,45粉丝·50个视频
主现电影解说,,,45粉丝·58个视频每天更新非常感谢您的关注
电影解说桃,,,45粉丝·20个视频
小葫芦电影解说,,,44粉丝·25个视频
飞猫电影解说,,,43粉丝·558个视频精彩影视看不停，欢迎关注～
嘉嘉电影解说,,,43粉丝·71个视频一个只看不说的男人
电影解说小白,,,42粉丝·21个视频新人up，互粉必回
尤里有剧电影解说,,,42粉丝·3个视频看一部电影，品百味人生
启儿电影解说,,,42粉丝·16个视频越努力越幸福
北方电影解说,,,41粉丝·73个视频好电影持续更新敬请期待感谢您的关注我会继续努力
小钻风电影解说,,,39粉丝·72个视频一个视频非专职的剪辑的新人，希望大家喜欢。尽量做好每一部剧，有什么想看的私信我呗。
平平电影解说,,,39粉丝·14个视频一位喜欢电影解说的up主，谢谢大家的支持，初来乍到！
木子鱼电影解说,,,39粉丝·10个视频解读天下电影，了解人生百态，每个人的一生何尝又不是一部电影？既是主角也是配角
老白电影解说,,,39粉丝·15个视频一起看电影
花花电影解说丶,,,39粉丝·5个视频萌新解说多多关照
许愿电影解说,,,38粉丝·18个视频许个愿呗愿你我都能许愿成真
蓝海电影解说i,,,38粉丝·66个视频
阿洋电影解说,,,38粉丝·8个视频你的专属电影推荐官感谢支持！
大鱼电影解说,,,38粉丝·44个视频大鱼电影，分享影视解说作品
白哥电影解说,,,37粉丝·80个视频
老汉电影解说,,,37粉丝·39个视频用心制作每一部电影
咸湿电影解说,,,37粉丝·10个视频
小哥电影解说,,,37粉丝·64个视频一个爱讲解恐怖电影的up主，喜欢可以点赞关注
小柒电影解说,,,37粉丝·15个视频
旭旭电影解说,,,37粉丝·92个视频一个爱讲电影的UP主快来关注我吧和你一起体验电影人生
平凡电影解说,,,36粉丝·21个视频一样的电影不同的解说
老炮电影解说,,,36粉丝·218个视频
辉看电影解说,,,36粉丝·36个视频辉看电影
白色电影解说,,,35粉丝·4个视频
lobster电影解说,,,35粉丝·61个视频一个专注于视频创作的博主@_@希望得到你们的喜欢&gt;_&lt;持续更新点点关注呗?_?永远爱你们哦0.0
南宫燕电影解说,,,35粉丝·41个视频大家好！我是南宫燕影视，新号求关注！配音，写文案，剪辑，每日更新，精彩不断！
Hello心理电影解说,,,34粉丝·9个视频解读电影中的心理学，为你提供另一个看待世界的角度！对心理感兴趣可联系微信：Helloxinli123公众号：Hello心理
阿郎电影解说,,,34粉丝·33个视频人生就是一场电影，你我皆是主角
电影解说集,,,34粉丝·7个视频
阿邦电影解说,,,34粉丝·7个视频是阿邦啊
丑鬼电影解说,,,33粉丝·22个视频专注电影剪辑解说，喜欢的朋友记得关注
旭旭电影解说,,,37粉丝·92个视频一个爱讲电影的UP主快来关注我吧和你一起体验电影人生
平凡电影解说,,,36粉丝·21个视频一样的电影不同的解说
老炮电影解说,,,36粉丝·218个视频
辉看电影解说,,,36粉丝·36个视频辉看电影
白色电影解说,,,35粉丝·4个视频
lobster电影解说,,,35粉丝·61个视频一个专注于视频创作的博主@_@希望得到你们的喜欢&gt;_&lt;持续更新点点关注呗?_?永远爱你们哦0.0
南宫燕电影解说,,,35粉丝·41个视频大家好！我是南宫燕影视，新号求关注！配音，写文案，剪辑，每日更新，精彩不断！
Hello心理电影解说,,,34粉丝·9个视频解读电影中的心理学，为你提供另一个看待世界的角度！对心理感兴趣可联系微信：Helloxinli123公众号：Hello心理
阿郎电影解说,,,34粉丝·33个视频人生就是一场电影，你我皆是主角
电影解说集,,,34粉丝·7个视频
阿邦电影解说,,,34粉丝·7个视频是阿邦啊
丑鬼电影解说,,,33粉丝·22个视频专注电影剪辑解说，喜欢的朋友记得关注
云飞电影解说,,,32粉丝·9个视频喜欢摩托！游戏菜B!！
小夕阳电影解说,,,32粉丝·22个视频给我一部电影还你一个故事
路人电影解说,,,32粉丝·22个视频专注电影解说
小米粒电影解说,,,32粉丝·74个视频
KL电影解说,,,32粉丝·34个视频?喜欢剪辑?喜欢分享电影??谢谢你的关注和支持
洋芋电影解说,,,31粉丝·20个视频点个小关注锦鲤附体
五大狼电影解说,,,31粉丝·83个视频
电影解说小酒馆,,,31粉丝·65个视频
动作电影解说,,,31粉丝·19个视频
流星电影解说,,,31粉丝·57个视频
小波影视电影解说,,,31粉丝·43个视频更多影视解说视频，尽在小波影视电影解说！感谢所有喜欢我，关注我，点赞我的朋友，谢谢你们，谢谢你们的支持，爱你们❤❤希望你们都幸福
云长电影解说,,,30粉丝·34个视频为你精选新片，和值得重温的好片～沉浸式解说，用心讲好每一部电影告别剧荒，感谢点赞和关注！
三分半电影解说,,,30粉丝·2个视频每天更新两条，来给我关注吧！
鹏程电影解说,,,30粉丝·15个视频
CR电影解说,,,30粉丝·2个视频没有任何一个解说，能够代替原片，我也一样
曼巴电影解说,,,30粉丝·1个视频
老猫电影解说,,,30粉丝·20个视频每部剧或电影都反映人生百态其中就有一部剧对应你的人生来一起探索你人生中的哪部戏
心随影动电影解说,,,29粉丝·11个视频
小杜电影解说,,,28粉丝·17个视频
狗头电影解说,,,28粉丝·5个视频！
电影解说梦工厂,,,28粉丝·75个视频
内涵电影解说o,,,27粉丝·34个视频分享自己喜欢的电影用心讲好每一部电影?感谢大家的关注和点赞
动心电影解说,,,27粉丝·18个视频看好看的电影，看动心电影
黑袍电影解说,,,27粉丝·52个视频更新优质解说电影谢谢关注和点赞
三分半电影解说,,,30粉丝·2个视频每天更新两条，来给我关注吧！
鹏程电影解说,,,30粉丝·15个视频
CR电影解说,,,30粉丝·2个视频没有任何一个解说，能够代替原片，我也一样
曼巴电影解说,,,30粉丝·1个视频
老猫电影解说,,,30粉丝·20个视频每部剧或电影都反映人生百态其中就有一部剧对应你的人生来一起探索你人生中的哪部戏
心随影动电影解说,,,29粉丝·11个视频
小杜电影解说,,,28粉丝·17个视频
狗头电影解说,,,28粉丝·5个视频！
电影解说梦工厂,,,28粉丝·75个视频
内涵电影解说o,,,27粉丝·34个视频分享自己喜欢的电影用心讲好每一部电影?感谢大家的关注和点赞
动心电影解说,,,27粉丝·18个视频看好看的电影，看动心电影
黑袍电影解说,,,27粉丝·52个视频更新优质解说电影谢谢关注和点赞
尤里有剧电影解说z,,,27粉丝·69个视频看一部电影，品百味人生
大川电影解说,,,27粉丝·32个视频分享好电影，认真剪辑的解说者
哔哩电影解说,,,27粉丝·3个视频你的点赞是我每天更新的动力٩(˃̶͈̀௰˂̶͈́)و
小木子子电影解说,,,27粉丝·26个视频再好的解说，也比不上原片的精彩，那些动人心弦的瞬间，唯有亲自去感受，方能领略其妙。关注我，带你发现更多好电影。
包子电影解说,,,27粉丝·1个视频喜欢分享一些精彩及高评分的电影
姿懿电影解说,,,26粉丝·21个视频
优质电影解说,,,26粉丝·60个视频
阿辉电影解说吖,,,26粉丝·17个视频
开智丶电影解说,,,26粉丝·22个视频这号不要了，去搜小鲨鲨吃大鱼鱼up主是我小号(请您谅解)
半点电影解说,,,26粉丝·26个视频一部电影，一个人生
讯飞电影解说,,,26粉丝·3个视频
厚米电影解说,,,26粉丝·20个视频持续更新，点赞关注，迷不了路
金牛座电影解说,,,25粉丝·21个视频悬疑/动作/犯罪
追光电影解说,,,25粉丝·30个视频
青芒电影解说,,,25粉丝·79个视频
索隆电影解说菌,,,25粉丝·25个视频电影动漫解说
小木电影解说,,,25粉丝·9个视频
赵儿电影解说,,,25粉丝·140个视频喜欢点点关注，谢谢
老余电影解说,,,24粉丝·26个视频
电影解说大全,,,24粉丝·7个视频电影电视剧剪辑解说
火火电影解说,,,24粉丝·21个视频电影就是一面镜子同样的电影不一样的解读
乌鸦电影解说,,,24粉丝·10个视频爱b站爱官方
电影解说菌杨sir,,,24粉丝·13个视频认真解说电影
独立电影解说室,,,24粉丝·40个视频
金牛座电影解说,,,25粉丝·21个视频悬疑/动作/犯罪
追光电影解说,,,25粉丝·30个视频
青芒电影解说,,,25粉丝·79个视频
索隆电影解说菌,,,25粉丝·25个视频电影动漫解说
小木电影解说,,,25粉丝·9个视频
赵儿电影解说,,,25粉丝·140个视频喜欢点点关注，谢谢
老余电影解说,,,24粉丝·26个视频
电影解说大全,,,24粉丝·7个视频电影电视剧剪辑解说
火火电影解说,,,24粉丝·21个视频电影就是一面镜子同样的电影不一样的解读
乌鸦电影解说,,,24粉丝·10个视频爱b站爱官方
电影解说菌杨sir,,,24粉丝·13个视频认真解说电影
独立电影解说室,,,24粉丝·40个视频
小乐de电影解说,,,23粉丝·12个视频
小电影解说,,,23粉丝·102个视频一个日更up喜欢的点个关注
电影解说员工,,,23粉丝·70个视频更更喜欢的
落雁书鸿电影解说,,,23粉丝·2个视频
猎奇电影解说,,,22粉丝·94个视频
娜妹电影解说,,,22粉丝·3个视频
呱呱电影解说,,,22粉丝·27个视频大家好，我是练习两年半的练摊生喜欢的话请关注我吧
电影解说最TOP,,,22粉丝·12个视频欢迎投稿❤️
静静电影解说,,,22粉丝·37个视频一个专注漫画解说的小可爱新剧记得多多支持哦～
剑心电影解说,,,22粉丝·14个视频一部电影，一种人生。在电影人物里找到努力目标，找到自己未来想做的人和事。
深夜食堂电影解说,,,21粉丝·10个视频
阿峰电影解说,,,21粉丝·2个视频三天更新一集，是个宝藏博主
心跳的电影解说,,,21粉丝·62个视频恐怖电影解说专场，赶紧关注收藏起来跟对象一起观看吧认真做好每一部电影
胖哒电影解说V,,,21粉丝·40个视频每日给你带来各种内容~感谢大家的关注
果汁电影解说,,,21粉丝·30个视频
郭大侠电影解说,,,21粉丝·9个视频
啵哥电影解说,,,21粉丝·1个视频解读电影，分享人生。啵哥带你进入光影的世界！
小花生电影解说V,,,21粉丝·43个视频电影可以改变人生，梦想可以照进现实。
无双电影解说,,,21粉丝·3个视频姑妄听之，如是我闻。
豆瓣高分电影解说,,,21粉丝·1个视频豆瓣高分电影解说
柠檬电影解说a,,,20粉丝·76个视频看电影品人生一部电影一个故事
小土豆电影解说,,,20粉丝·10个视频
梦游电影解说,,,20粉丝·68个视频专注记录片解说一不小心就涨知识了
剧毒电影解说,,,20粉丝·27个视频除了生死……其他的都是小事
心跳的电影解说,,,21粉丝·62个视频恐怖电影解说专场，赶紧关注收藏起来跟对象一起观看吧认真做好每一部电影
胖哒电影解说V,,,21粉丝·40个视频每日给你带来各种内容~感谢大家的关注
果汁电影解说,,,21粉丝·30个视频
郭大侠电影解说,,,21粉丝·9个视频
啵哥电影解说,,,21粉丝·1个视频解读电影，分享人生。啵哥带你进入光影的世界！
小花生电影解说V,,,21粉丝·43个视频电影可以改变人生，梦想可以照进现实。
无双电影解说,,,21粉丝·3个视频姑妄听之，如是我闻。
豆瓣高分电影解说,,,21粉丝·1个视频豆瓣高分电影解说
柠檬电影解说a,,,20粉丝·76个视频看电影品人生一部电影一个故事
小土豆电影解说,,,20粉丝·10个视频
梦游电影解说,,,20粉丝·68个视频专注记录片解说一不小心就涨知识了
剧毒电影解说,,,20粉丝·27个视频除了生死……其他的都是小事
可可电影解说,,,20粉丝·93个视频
灵兮电影解说,,,20粉丝·14个视频一个陪你看故事的陌生人
心已放空电影解说,,,19粉丝·11个视频
电影解说SPL,,,19粉丝·91个视频
小爱电影解说,,,19粉丝·35个视频喜欢记得点点关注哟感谢各位帅哥美女哦
成成电影解说,,,19粉丝·36个视频感谢官方给这么好的创作平台/一杯茶，一首歌，一部电影看人生
唐时电影解说,,,19粉丝·52个视频电影带我们走进生活中无法到达的地方
米诺电影解说,,,19粉丝·97个视频
凌晨电影解说,,,19粉丝·32个视频思念太长，夜晚太多，凌晨电影解说。
油条电影解说,,,19粉丝·50个视频
快客电影解说V,,,19粉丝·49个视频酣畅淋漓的故事，激情四射的解说，要看就要看最野的剧情
影子电影解说,,,19粉丝·21个视频专注电影，电影爱好者的聚集地，感谢关注与支持！
Towdog黑森电影解说,,,19粉丝·50个视频各类电影解说各大影视app年度会员热门电影观看观众
大象电影解说,,,19粉丝·10个视频承蒙关注不胜感激
龙弟电影解说,,,19粉丝·5个视频
杰克电影解说,,,18粉丝·22个视频好看的皮囊千篇一律有趣的灵魂万一挑一
光光电影解说,,,18粉丝·40个视频光光文笔佳，影视两开花，精彩何处寻？可关注我哈！
电影解说公司,,,18粉丝·9个视频
创亿电影解说,,,18粉丝·35个视频感恩相遇，不服未来！持续输出更多优质电影解说
一凡电影解说,,,18粉丝·49个视频解读经典，电影源于生活。
韩城电影解说,,,17粉丝·5个视频??韩国优质高分电影专场??悬疑惊悚犯罪灾难每周不定时更新关注我不迷路
板凳电影解说MM,,,17粉丝·20个视频
胖哒电影解说,,,17粉丝·86个视频想做演员，颜值不允许想做歌手，嗓子不允许没办法了，只能做自媒体了
4K电影解说,,,17粉丝·22个视频爱生活，爱电影！讲电影，看电影！您的每一点赞都是我坚持的动力！感谢您的关注与支持！
Towdog黑森电影解说,,,19粉丝·50个视频各类电影解说各大影视app年度会员热门电影观看观众
大象电影解说,,,19粉丝·10个视频承蒙关注不胜感激
龙弟电影解说,,,19粉丝·5个视频
杰克电影解说,,,18粉丝·22个视频好看的皮囊千篇一律有趣的灵魂万一挑一
光光电影解说,,,18粉丝·40个视频光光文笔佳，影视两开花，精彩何处寻？可关注我哈！
电影解说公司,,,18粉丝·9个视频
创亿电影解说,,,18粉丝·35个视频感恩相遇，不服未来！持续输出更多优质电影解说
一凡电影解说,,,18粉丝·49个视频解读经典，电影源于生活。
韩城电影解说,,,17粉丝·5个视频??韩国优质高分电影专场??悬疑惊悚犯罪灾难每周不定时更新关注我不迷路
板凳电影解说MM,,,17粉丝·20个视频
胖哒电影解说,,,17粉丝·86个视频想做演员，颜值不允许想做歌手，嗓子不允许没办法了，只能做自媒体了
4K电影解说,,,17粉丝·22个视频爱生活，爱电影！讲电影，看电影！您的每一点赞都是我坚持的动力！感谢您的关注与支持！
闹闹电影解说,,,17粉丝·20个视频博主喜欢猎奇电影一周三更期期精彩关注我不后悔呦没更新就是在找电影路上
电影解说正人君子,,,17粉丝·10个视频新人up主持续影视剪辑系列作品在线求关注求赞求评论希望能得到各位的支持
沙沙电影解说,,,17粉丝·3个视频每一部电影于我而言都是一扇通往别样人生的大门一段镌刻着时代与情感的史诗感谢关注
暮色电影解说,,,17粉丝·24个视频感谢你的关注✨每天更新各类精彩有趣的电影
白菜电影解说,,,17粉丝·33个视频制作视频不易，点个关注再走呗，喜欢你的很……
洋葱电影解说,,,17粉丝·42个视频你喜欢的就是好电影
柠檬电影解说68,,,16粉丝·10个视频来自农村小伙喜欢观看影视好影视一起分享
丁哥电影解说,,,16粉丝·2个视频
小安电影解说,,,16粉丝·20个视频
胡图电影解说,,,16粉丝·18个视频优质汽车纪录片解说
电影解说先生,,,16粉丝·11个视频让我们一起再知识的海洋中遨游吧
莫小豆电影解说,,,16粉丝·2个视频原创电影解说，影视剪辑
星空下的电影解说,,,16粉丝·15个视频
大叔版电影解说,,,16粉丝·6个视频关注我，不剧荒！您的关注是对我最大的支持！
李老师电影解说,,,16粉丝·5个视频看电影品百味人生
24k电影解说,,,16粉丝·19个视频电影解说新手都是原创，多多支持每天都会发布电影解说视频
默一电影解说,,,16粉丝·33个视频关注新电影，解说好电影，为您的生活，增添一份色彩。
念宇电影解说,,,16粉丝·48个视频略略略
小电影解说员,,,16粉丝·7个视频
电影解说大毒蛇,,,16粉丝·1个视频
小欢喜电影解说,,,16粉丝·19个视频我是一个不会配音只会用合成音的电影解说，想看什么评论区留言，熬夜给你们做，给我一个关注好不好
越越电影解说整合,,,15粉丝·29个视频转发优质完整版电影解说希望大家喜欢̋(ˊ•͈ꇴ•͈ˋ)
都是废话电影解说,,,15粉丝·106个视频
感官电影解说,,,15粉丝·41个视频专注短片讲解、混剪及剧情魔改。给你不一样的体验~
星空下的电影解说,,,16粉丝·15个视频
大叔版电影解说,,,16粉丝·6个视频关注我，不剧荒！您的关注是对我最大的支持！
李老师电影解说,,,16粉丝·5个视频看电影品百味人生
24k电影解说,,,16粉丝·19个视频电影解说新手都是原创，多多支持每天都会发布电影解说视频
默一电影解说,,,16粉丝·33个视频关注新电影，解说好电影，为您的生活，增添一份色彩。
念宇电影解说,,,16粉丝·48个视频略略略
小电影解说员,,,16粉丝·7个视频
电影解说大毒蛇,,,16粉丝·1个视频
小欢喜电影解说,,,16粉丝·19个视频我是一个不会配音只会用合成音的电影解说，想看什么评论区留言，熬夜给你们做，给我一个关注好不好
越越电影解说整合,,,15粉丝·29个视频转发优质完整版电影解说希望大家喜欢̋(ˊ•͈ꇴ•͈ˋ)
都是废话电影解说,,,15粉丝·106个视频
感官电影解说,,,15粉丝·41个视频专注短片讲解、混剪及剧情魔改。给你不一样的体验~
木木电影解说2022,,,15粉丝·27个视频好看的电影就在这里，更多精彩电影更新中
美电影解说,,,15粉丝·34个视频
灵龙电影解说,,,15粉丝·57个视频有脑洞，有态度，有味道解说经典影视
80后的游戏电影解说,,,15粉丝·421个视频一个喜欢电影和游戏的80后，喜欢分享和解说，喜欢交朋友，加我关注，一起探讨其中的奥秘和欢乐
松仔电影解说,,,15粉丝·8个视频
我是电影解说家,,,15粉丝·88个视频
十一高评电影解说,,,15粉丝·23个视频用心做好每一部电影解说持续更新，感谢关注！
MI电影解说,,,14粉丝·15个视频喜欢就关注我吧！
翰林电影解说,,,14粉丝·25个视频✨在电影里感受别样人生✨类型:动作喜剧战争爱情✨用心做好每一部电影✨你的点赞+关注是我更新的动力
旋风电影解说,,,14粉丝·26个视频
夜鹰电影解说,,,14粉丝·15个视频电影让我们生活多了色彩
野人电影解说z,,,14粉丝·68个视频看野人电影，过狂野人生感谢关注
保罗电影解说,,,14粉丝·30个视频分享电影，分享故事，电影解说。
小俊电影解说,,,14粉丝·30个视频
北方电影解说V,,,14粉丝·45个视频好电影持续更新敬请期待感谢您的关注我会继续努力
龙套电影解说,,,14粉丝·16个视频爱唱电影频道ID7258961全天24小时恐怖奉送自备尿不湿
诺言电影解说,,,14粉丝·3个视频影解百态，声入人心，一部电影，一段旅程。新人UP，感谢支持！
电影解说之转载,,,14粉丝·4个视频
巧舌电影解说,,,14粉丝·11个视频浓缩影视精华，又不失其原本的魅力！
飞雨电影解说,,,14粉丝·17个视频看好看的电影专心好的解说电影一剪到底如有侵权，请联系删除
一心电影解说,,,14粉丝·14个视频精彩影片解说，持续更新，谢谢你的关注！
SKY电影解说,,,14粉丝·3个视频
橙子电影解说哦,,,14粉丝·6个视频悬疑电影，诡异电影解说。一周三更哦！
小浩电影解说,,,13粉丝·379个视频
保罗电影解说,,,14粉丝·30个视频分享电影，分享故事，电影解说。
小俊电影解说,,,14粉丝·30个视频
北方电影解说V,,,14粉丝·45个视频好电影持续更新敬请期待感谢您的关注我会继续努力
龙套电影解说,,,14粉丝·16个视频爱唱电影频道ID7258961全天24小时恐怖奉送自备尿不湿
诺言电影解说,,,14粉丝·3个视频影解百态，声入人心，一部电影，一段旅程。新人UP，感谢支持！
电影解说之转载,,,14粉丝·4个视频
巧舌电影解说,,,14粉丝·11个视频浓缩影视精华，又不失其原本的魅力！
飞雨电影解说,,,14粉丝·17个视频看好看的电影专心好的解说电影一剪到底如有侵权，请联系删除
一心电影解说,,,14粉丝·14个视频精彩影片解说，持续更新，谢谢你的关注！
SKY电影解说,,,14粉丝·3个视频
橙子电影解说哦,,,14粉丝·6个视频悬疑电影，诡异电影解说。一周三更哦！
小浩电影解说,,,13粉丝·379个视频
洁白电影解说,,,13粉丝·4个视频
天天电影解说,,,13粉丝·30个视频
阿彪电影解说,,,13粉丝·184个视频
电影解说剪辑技巧,,,13粉丝·49个视频全网大佬电影解说教程瞄这里cr2008555cr2008222
蓝海电影解说,,,13粉丝·36个视频每天更新视频记得关注哦
大强电影解说V,,,13粉丝·44个视频努力剪好每一部电影❤️❤️如果侵权私信我删除❤️❤️❤️喜欢我的给我点点关注❤️❤️❤️
白虎电影解说,,,13粉丝·13个视频为您节约时间，解读经典影视用冷静、专业的视角带给您不一样的认知。
吾聊电影解说,,,13粉丝·3个视频Ibelievenotingisimpossible
逍遥君电影解说,,,13粉丝·28个视频影视剪辑爱好者
达达电影解说-,,,13粉丝·7个视频
扶苏电影解说,,,13粉丝·9个视频
动画电影解说,,,13粉丝·10个视频橡树动画
三横一竖王电影解说,,,13粉丝·17个视频一部好电影????能改变你的一生用心去感受，拓展你的思维打开你的认知为你推荐有内容的电影……………………………………
偶尔电影解说,,,13粉丝·52个视频偶尔解说
橙子电影解说,,,13粉丝·4个视频我从出生那天起就是我自己。如果你不能理解，那是你的失败，不是我的。——《BigFish》
不专业的电影解说,,,13粉丝·20个视频每日更新，求关注
昊子电影解说,,,13粉丝·12个视频电影解说，希望你喜欢
喵喵酱电影解说,,,13粉丝·7个视频一部电影，一段人生
小刘电影解说,,,12粉丝·17个视频一部电影一个故事原创剪辑
夕阳电影解说,,,12粉丝·5个视频坚持自己的原创每日更新创作不易，关注不迷路，感谢大家支持！
麻辣香锅电影解说,,,12粉丝·29个视频
饭兜电影解说,,,12粉丝·24个视频不是电影看不起，而是电影解说更有性价比
十九电影解说,,,12粉丝·16个视频感谢相遇，不负未来每天精彩电影持续输出中喜欢的点个关注吧
清歌电影解说,,,12粉丝·1个视频爱影视爱你们
三横一竖王电影解说,,,13粉丝·17个视频一部好电影????能改变你的一生用心去感受，拓展你的思维打开你的认知为你推荐有内容的电影……………………………………
偶尔电影解说,,,13粉丝·52个视频偶尔解说
橙子电影解说,,,13粉丝·4个视频我从出生那天起就是我自己。如果你不能理解，那是你的失败，不是我的。——《BigFish》
不专业的电影解说,,,13粉丝·20个视频每日更新，求关注
昊子电影解说,,,13粉丝·12个视频电影解说，希望你喜欢
喵喵酱电影解说,,,13粉丝·7个视频一部电影，一段人生
小刘电影解说,,,12粉丝·17个视频一部电影一个故事原创剪辑
夕阳电影解说,,,12粉丝·5个视频坚持自己的原创每日更新创作不易，关注不迷路，感谢大家支持！
麻辣香锅电影解说,,,12粉丝·29个视频
饭兜电影解说,,,12粉丝·24个视频不是电影看不起，而是电影解说更有性价比
十九电影解说,,,12粉丝·16个视频感谢相遇，不负未来每天精彩电影持续输出中喜欢的点个关注吧
清歌电影解说,,,12粉丝·1个视频爱影视爱你们
求生电影解说,,,12粉丝·40个视频看过千部电影品尽百味人生
Ykkk电影解说,,,12粉丝·3个视频以电影看现实
大零大电影解说,,,12粉丝·49个视频每天更新一部电影，感谢支持和关注
诡话电影解说,,,12粉丝·41个视频每天一个诡故事晚七点诡话连片
Zero电影解说,,,12粉丝·74个视频喜欢的朋友记得点击关注哦！
好好先生电影解说,,,12粉丝·17个视频小白白空空如也
小银幕大电影解说,,,12粉丝·24个视频小银幕大电影，解说每一部好电影！
星辉电影解说,,,12粉丝·56个视频专注电影解说，谢谢你这么好看，还关注我
挥戈电影解说,,,12粉丝·24个视频风一样的汉子，忧郁的眼神，唏嘘的胡渣子，是你爱而不得的男子。
Rap电影解说,,,12粉丝·3个视频挑战用Rap解说电影的新兴UP，期待你的关注
小黄人电影解说,,,11粉丝·62个视频
小将电影解说,,,11粉丝·6个视频
爱笑电影解说,,,11粉丝·5个视频
说不得电影解说,,,11粉丝·10个视频说不得原创电影解说
六六电影解说,,,11粉丝·53个视频专注电影解说
硬汉电影解说剪辑,,,11粉丝·67个视频关注好电影，带你看不同人生！持续更新，喜欢的老铁关注哦！
贝贝电影解说,,,11粉丝·25个视频
电影解说文案技巧,,,11粉丝·17个视频全网大佬电影解说教程瞅这里cr2008555cr2008222	
宝哥电影解说,,,11粉丝·79个视频我喜欢看电影，经常给大家分享
淼哥电影解说,,,11粉丝·9个视频
菠萝电影解说V,,,11粉丝·47个视频一个讲故事的菠萝，带你看点有意思的~
花花怀旧电影解说,,,11粉丝·38个视频快速看电影，用心去解说。感受电影中的花花世界
酱叔电影解说,,,11粉丝·48个视频主要讲述犯罪悬疑，正能量视频，感谢关注！
南大电影解说,,,11粉丝·61个视频
爱笑电影解说,,,11粉丝·5个视频
说不得电影解说,,,11粉丝·10个视频说不得原创电影解说
六六电影解说,,,11粉丝·53个视频专注电影解说
硬汉电影解说剪辑,,,11粉丝·67个视频关注好电影，带你看不同人生！持续更新，喜欢的老铁关注哦！
贝贝电影解说,,,11粉丝·25个视频
电影解说文案技巧,,,11粉丝·17个视频全网大佬电影解说教程瞅这里cr2008555cr2008222	
宝哥电影解说,,,11粉丝·79个视频我喜欢看电影，经常给大家分享
淼哥电影解说,,,11粉丝·9个视频
菠萝电影解说V,,,11粉丝·47个视频一个讲故事的菠萝，带你看点有意思的~
花花怀旧电影解说,,,11粉丝·38个视频快速看电影，用心去解说。感受电影中的花花世界
酱叔电影解说,,,11粉丝·48个视频主要讲述犯罪悬疑，正能量视频，感谢关注！
南大电影解说,,,11粉丝·61个视频
阿呆电影解说,,,11粉丝·34个视频专业电影剪辑解说，带你看不一样的电影故事
无聊电影解说,,,11粉丝·28个视频追一部剧，品一个故事。追百部剧，品百味人生。
坨坨电影解说,,,11粉丝·26个视频
爱马电影解说,,,11粉丝·6个视频宝藏分享|自我成长|生活感悟|爱马出品，必出精品每日分享好看神剧喜欢电影的宝子们可以点点关注，防止迷路
宸扬电影解说,,,11粉丝·36个视频
小风电影解说,,,11粉丝·1个视频云风飞是我们三个小伙伴的名字，不定时更新原创视频
黑水电影解说,,,11粉丝·2个视频认真讲解好每部好电影
大白电影解说,,,11粉丝·6个视频电影爱好者对电影的解读
咔电影解说,,,11粉丝·4个视频一口气看完系列~喜欢的一键三连哦~影片侵权私信联系删除~
八怪电影解说,,,11粉丝·64个视频我只是八怪电影里的一个普通作品。我的出生分为文案，配音，剪辑三大步以及后期的装饰。别看我只有几分钟，可我却是花了十个小时甚至更多时间诞生
小火电影解说,,,11粉丝·2个视频说剧正在更新｛人民的名义｝
心中独白-电影解说,,,10粉丝·4个视频镜头隐藏真相，而我的独白揭露一切...关注我，为您带来更多精彩的电影内容
电影解说咩咩咩,,,10粉丝·4个视频
温柔云电影解说,,,10粉丝·4个视频还有什么事比沉浸在电影中更硬核—
思来想去电影解说,,,10粉丝·188个视频
电影解说小沐,,,10粉丝·5个视频各种电影解说以及介绍
启明电影解说,,,10粉丝·117个视频看启明电影品百味人生
机械电影解说,,,10粉丝·8个视频谢谢你这会好看还关注我
口袋电影解说,,,10粉丝·28个视频解说经典电影
小驴电影解说,,,10粉丝·101个视频
青山电影解说,,,10粉丝·16个视频
远哥电影解说,,,10粉丝·9个视频精彩的影视分享给您！感谢支持！感谢关注！
南途电影解说,,,10粉丝·98个视频原创电影解说，影视剪辑你的点赞+关注就是我更新的动力每日更新
超哥电影解说,,,10粉丝·6个视频看超哥电影品百味人生！定期更新。
电影解说咩咩咩,,,10粉丝·4个视频
温柔云电影解说,,,10粉丝·4个视频还有什么事比沉浸在电影中更硬核—
思来想去电影解说,,,10粉丝·188个视频
电影解说小沐,,,10粉丝·5个视频各种电影解说以及介绍
启明电影解说,,,10粉丝·117个视频看启明电影品百味人生
机械电影解说,,,10粉丝·8个视频谢谢你这会好看还关注我
口袋电影解说,,,10粉丝·28个视频解说经典电影
小驴电影解说,,,10粉丝·101个视频
青山电影解说,,,10粉丝·16个视频
远哥电影解说,,,10粉丝·9个视频精彩的影视分享给您！感谢支持！感谢关注！
南途电影解说,,,10粉丝·98个视频原创电影解说，影视剪辑你的点赞+关注就是我更新的动力每日更新
超哥电影解说,,,10粉丝·6个视频看超哥电影品百味人生！定期更新。
小妖电影解说,,,10粉丝·5个视频每日为你带来电影解说~想看什么电影评论留言，我剪辑给你看啊~
浩哥电影解说,,,10粉丝·15个视频用心剪辑每个精彩瞬间……
蓝鲸电影解说,,,10粉丝·5个视频
电影解说看看,,,9粉丝·148个视频
a胖电影解说,,,9粉丝·2个视频实事求是踏踏实实，努力努力带给大家好的，影视作品❤️
雷子电影解说,,,9粉丝·89个视频
六夕电影解说,,,9粉丝·87个视频
飞飞说电影解说,,,9粉丝·6个视频
民仔电影解说,,,9粉丝·93个视频人生就像电影，你我皆是主角！
雪花电影解说,,,9粉丝·3个视频解说战争电影，品味硝烟人生解说各种战争类影视作品感谢大家的的关注和支持
表哥电影解说,,,9粉丝·15个视频电影解说大表哥
快客电影解说,,,9粉丝·40个视频酣畅淋漓的故事，激情四射的解说，要看就要看最野的剧情
醉心电影解说,,,9粉丝·11个视频
猪猪电影解说剪辑,,,9粉丝·42个视频看电影可以改变一生
你捞哥电影解说,,,9粉丝·80个视频
神馬电影解说,,,9粉丝·47个视频❤欢迎关注神馬电影解说❤看电影能拓展思维提升人生境界❤感谢官方感谢各位关注点赞评论❤持续更新精彩原创影视解说
初夏电影解说,,,9粉丝·1个视频感谢官方????感谢关注????
德尔电影解说,,,9粉丝·11个视频
佳哥恐怖电影解说,,,9粉丝·3个视频✨寻找世界上好看的剧✨风格不定、持续更新✨承蒙厚爱、感谢关注
阿楚电影解说,,,9粉丝·6个视频一杯咖啡一部电视，为你解说精彩片段
小杨哥电影解说,,,9粉丝·29个视频
阿wing电影解说,,,9粉丝·16个视频用各种有趣的方式解说全球电影影视
青椒电影解说,,,9粉丝·2个视频
另类人生电影解说,,,9粉丝·8个视频人生不止一次
醉心电影解说,,,9粉丝·11个视频
猪猪电影解说剪辑,,,9粉丝·42个视频看电影可以改变一生
你捞哥电影解说,,,9粉丝·80个视频
神馬电影解说,,,9粉丝·47个视频❤欢迎关注神馬电影解说❤看电影能拓展思维提升人生境界❤感谢官方感谢各位关注点赞评论❤持续更新精彩原创影视解说
初夏电影解说,,,9粉丝·1个视频感谢官方????感谢关注????
德尔电影解说,,,9粉丝·11个视频
佳哥恐怖电影解说,,,9粉丝·3个视频✨寻找世界上好看的剧✨风格不定、持续更新✨承蒙厚爱、感谢关注
阿楚电影解说,,,9粉丝·6个视频一杯咖啡一部电视，为你解说精彩片段
小杨哥电影解说,,,9粉丝·29个视频
阿wing电影解说,,,9粉丝·16个视频用各种有趣的方式解说全球电影影视
青椒电影解说,,,9粉丝·2个视频
另类人生电影解说,,,9粉丝·8个视频人生不止一次
嘴哥电影解说,,,9粉丝·14个视频(?ω?)
吟雪情枫电影解说,,,8粉丝·12个视频
猴子电影解说,,,8粉丝·6个视频
疯狂电影解说,,,8粉丝·7个视频疯狂到以雷霆击碎黑暗
小王电影解说,,,8粉丝·38个视频
泡沫电影解说,,,8粉丝·1个视频记录你我的故事。每一个剪辑都是一个故事茫茫人海中你我相遇是一种缘分，希望你能停留一分钟看完每一个，关注+点赞=暴富
老洼看电影解说,,,8粉丝·50个视频电影解说，持续更新中……
病毒电影解说,,,8粉丝·3个视频
电影解说大全666,,,8粉丝·6个视频
贝勒电影解说,,,8粉丝·15个视频负债百万，求呵护
小虎电影解说,,,8粉丝·56个视频三生有幸遇见你，感谢关注
阿古电影解说,,,8粉丝·7个视频
疾风电影解说,,,8粉丝·23个视频谢谢你这么好看还关注我…
阿猛电影解说,,,8粉丝·31个视频看电影。说电影。热爱生活
雨辰电影解说,,,8粉丝·5个视频
7号电影解说,,,8粉丝·10个视频解说优质电影
野路子电影解说,,,8粉丝·12个视频长长的路慢慢的走，浅浅的话深深的说互相尊敬礼貌待人不相识我们也可以是朋友陪伴是最长情的告白，而守护是最沉默的陪伴。
狒话电影解说,,,8粉丝·34个视频
叁仟电影解说,,,8粉丝·6个视频赏析令人震撼的经典电影
豆豆随心电影解说,,,8粉丝·22个视频这不仅是一部电影，更是一段灵魂之旅，将观众带入一个充满奇迹与感动的世界，让我们一同感受心灵的震撼与启迪。
疯子电影解说,,,8粉丝·102个视频
小林电影解说,,,7粉丝·4个视频感谢点赞关注~支持，会定时更新视频~喜欢多多艾特分享一下，双击评论加关注是我持续更新的动力
小布电影解说,,,7粉丝·31个视频
六六电影解说k,,,7粉丝·8个视频?影视解说?电影剪辑持续更新电影
疾风电影解说,,,8粉丝·23个视频谢谢你这么好看还关注我…
阿猛电影解说,,,8粉丝·31个视频看电影。说电影。热爱生活
雨辰电影解说,,,8粉丝·5个视频
7号电影解说,,,8粉丝·10个视频解说优质电影
野路子电影解说,,,8粉丝·12个视频长长的路慢慢的走，浅浅的话深深的说互相尊敬礼貌待人不相识我们也可以是朋友陪伴是最长情的告白，而守护是最沉默的陪伴。
狒话电影解说,,,8粉丝·34个视频
叁仟电影解说,,,8粉丝·6个视频赏析令人震撼的经典电影
豆豆随心电影解说,,,8粉丝·22个视频这不仅是一部电影，更是一段灵魂之旅，将观众带入一个充满奇迹与感动的世界，让我们一同感受心灵的震撼与启迪。
疯子电影解说,,,8粉丝·102个视频
小林电影解说,,,7粉丝·4个视频感谢点赞关注~支持，会定时更新视频~喜欢多多艾特分享一下，双击评论加关注是我持续更新的动力
小布电影解说,,,7粉丝·31个视频
六六电影解说k,,,7粉丝·8个视频?影视解说?电影剪辑持续更新电影
妖猫电影解说,,,7粉丝·7个视频关注我看不一样的电影
夏天电影解说,,,7粉丝·4个视频持续更新优质作品感谢哔哩哔哩感谢官方感谢大家的点赞支持
小小电影解说DY,,,7粉丝·3个视频电影推荐，不断更新
4分钟电影解说,,,7粉丝·3个视频
皮皮电影解说,,,7粉丝·32个视频
洋洋电影解说,,,7粉丝·11个视频
涛哥电影解说吧v,,,7粉丝·44个视频说电影我是认真的，总有你喜欢的电影
一一电影解说,,,7粉丝·15个视频
小雷电影解说,,,7粉丝·12个视频喜欢剪辑电影
西红柿电影解说,,,7粉丝·7个视频
电影解说站,,,7粉丝·7个视频大家好，欢迎来到电影解说站，相信每个人心中都有一部高分电影。坚持原创。
梁哥电影解说,,,7粉丝·59个视频电影解读人生
电影解说哥,,,7粉丝·78个视频
薛二嬢电影解说,,,7粉丝·7个视频谢谢你长得没我好看还关注了我
飞鸟电影解说,,,7粉丝·18个视频
二黄电影解说,,,7粉丝·9个视频
邓子电影解说,,,7粉丝·26个视频多学，多看，多听，多做，多总结！
梅林电影解说,,,7粉丝·1个视频精彩影视剧解说，带你领略电影世界
夜雨风寒电影解说,,,7粉丝·6个视频
杨羊电影解说,,,7粉丝·15个视频感谢b站；专解说高分电影解说；希望我的推荐的电影能给大家带来欢乐；更感谢关注小羊电影解说的朋友。
胡说八道的电影解说,,,7粉丝·84个视频看起来一本正经的段子手
半瓶电影解说,,,7粉丝·16个视频一个不懂电影的电影解说！
镗叔电影解说,,,7粉丝·3个视频感谢大家点赞关注更多精彩视频陆续发布
电影解说员不歪,,,7粉丝·2个视频
电影解说哥,,,7粉丝·78个视频
薛二嬢电影解说,,,7粉丝·7个视频谢谢你长得没我好看还关注了我
飞鸟电影解说,,,7粉丝·18个视频
二黄电影解说,,,7粉丝·9个视频
邓子电影解说,,,7粉丝·26个视频多学，多看，多听，多做，多总结！
梅林电影解说,,,7粉丝·1个视频精彩影视剧解说，带你领略电影世界
夜雨风寒电影解说,,,7粉丝·6个视频
杨羊电影解说,,,7粉丝·15个视频感谢b站；专解说高分电影解说；希望我的推荐的电影能给大家带来欢乐；更感谢关注小羊电影解说的朋友。
胡说八道的电影解说,,,7粉丝·84个视频看起来一本正经的段子手
半瓶电影解说,,,7粉丝·16个视频一个不懂电影的电影解说！
镗叔电影解说,,,7粉丝·3个视频感谢大家点赞关注更多精彩视频陆续发布
电影解说员不歪,,,7粉丝·2个视频
有姿势的电影解说,,,7粉丝·17个视频哔哔赖赖有姿势的解说猿
小贺电影解说,,,6粉丝·5个视频电影剪辑
高酱的电影解说,,,6粉丝·8个视频大佬们的关注，就是我更新的动力呀
电影解说放映室,,,6粉丝·43个视频感谢您的关注！用最短的时间，讲最精彩故事。
桥林电影解说,,,6粉丝·37个视频
影视电影解说,,,6粉丝·8个视频
小W电影解说,,,6粉丝·4个视频
星电影解说,,,6粉丝·20个视频
大唐电影解说员,,,6粉丝·5个视频静下心看一部好的电影
大唐电影解说,,,6粉丝·3个视频静下心看一部好的电影
小白的纯爱电影解说,,,6粉丝·3个视频
月下电影解说,,,6粉丝·9个视频
向电影解说,,,6粉丝·5个视频
悠-悠电影解说,,,6粉丝·4个视频这里的一切都有始有终，却能容纳所有的不期而遇和久别重逢。
邂逅电影解说,,,6粉丝·23个视频
白胡子电影解说,,,6粉丝·7个视频
青鹤电影解说,,,6粉丝·4个视频
南姬电影解说,,,6粉丝·113个视频
老猫电影解说搞笑,,,6粉丝·5个视频
涛哥电影解说吧,,,6粉丝·49个视频说电影我是认真的，总有你喜欢的电影
尘心电影解说,,,6粉丝·9个视频
林北电影解说,,,6粉丝·4个视频
瑞哥电影解说,,,6粉丝·4个视频喜欢电影，原创电影解说，欢迎关注
电影解说员66,,,6粉丝·13个视频
向电影解说,,,6粉丝·5个视频
悠-悠电影解说,,,6粉丝·4个视频这里的一切都有始有终，却能容纳所有的不期而遇和久别重逢。
邂逅电影解说,,,6粉丝·23个视频
白胡子电影解说,,,6粉丝·7个视频
青鹤电影解说,,,6粉丝·4个视频
南姬电影解说,,,6粉丝·113个视频
老猫电影解说搞笑,,,6粉丝·5个视频
涛哥电影解说吧,,,6粉丝·49个视频说电影我是认真的，总有你喜欢的电影
尘心电影解说,,,6粉丝·9个视频
林北电影解说,,,6粉丝·4个视频
瑞哥电影解说,,,6粉丝·4个视频喜欢电影，原创电影解说，欢迎关注
电影解说员66,,,6粉丝·13个视频
小花生电影解说,,,6粉丝·51个视频
阡陌电影解说V,,,6粉丝·49个视频90后电影爱好者-致力分享给大家-有意义的电影解说
另类电影解说,,,6粉丝·12个视频
新海电影解说,,,6粉丝·38个视频一部电影一个故事一段感悟一份收获
烧鸡电影解说,,,6粉丝·11个视频分享经典电影片段????，喜欢的点个关注，天天更新❤️
米老鼠电影解说,,,6粉丝·76个视频
毒舌电影解说员,,,6粉丝·2个视频一个电影剪辑的小up
花兔电影解说,,,6粉丝·24个视频好看的电影分享给你
晓电影解说,,,6粉丝·8个视频喜欢作品的留一下一个关注
小良电影解说,,,6粉丝·107个视频日更电影解说?有什么建议都可以和咱说
睿弧电影解说,,,6粉丝·41个视频港片推荐、承蒙厚爱
龙电影解说,,,6粉丝·81个视频
火石电影解说,,,6粉丝·22个视频人生就像一场电影，你看过多少人的一生。分享不同的电影解读视角。
小帅哥电影解说,,,6粉丝·7个视频我是一个乱七八糟的博主，有时我会推荐动漫，有时会推荐电影。
鹏哥电影解说,,,6粉丝·3个视频感谢支持热爱解说
辉哥电影解说,,,6粉丝·11个视频
lulu电影解说,,,6粉丝·14个视频
七彩电影解说,,,6粉丝·31个视频
杰少电影解说,,,6粉丝·58个视频
文译电影解说,,,6粉丝·4个视频每日电影解说创作不易请一建三连
红番茄电影解说,,,6粉丝·2个视频沙雕温情电影解说
电影解说小周,,,6粉丝·7个视频
p小p电影解说,,,6粉丝·3个视频专注于喜剧电影解说
纪几原创电影解说,,,6粉丝·1个视频纪几原创电影解说，用自己浅薄的认知，解说有温度的电影，带大家进入到电影里的悲喜人生，笑笑就算，或是产生共鸣认真思考都随您……
火石电影解说,,,6粉丝·22个视频人生就像一场电影，你看过多少人的一生。分享不同的电影解读视角。
小帅哥电影解说,,,6粉丝·7个视频我是一个乱七八糟的博主，有时我会推荐动漫，有时会推荐电影。
鹏哥电影解说,,,6粉丝·3个视频感谢支持热爱解说
辉哥电影解说,,,6粉丝·11个视频
lulu电影解说,,,6粉丝·14个视频
七彩电影解说,,,6粉丝·31个视频
杰少电影解说,,,6粉丝·58个视频
文译电影解说,,,6粉丝·4个视频每日电影解说创作不易请一建三连
红番茄电影解说,,,6粉丝·2个视频沙雕温情电影解说
电影解说小周,,,6粉丝·7个视频
p小p电影解说,,,6粉丝·3个视频专注于喜剧电影解说
纪几原创电影解说,,,6粉丝·1个视频纪几原创电影解说，用自己浅薄的认知，解说有温度的电影，带大家进入到电影里的悲喜人生，笑笑就算，或是产生共鸣认真思考都随您……
一个文青的电影解说,,,6粉丝·0个视频
电影解说抱不平,,,6粉丝·1个视频简简单单的电影解说
米团电影解说,,,6粉丝·21个视频好电影，用心说
小满电影解说,,,6粉丝·10个视频花未全开月未圆
小陆电影解说,,,6粉丝·3个视频
米奇电影解说,,,5粉丝·14个视频
米兰电影解说,,,5粉丝·88个视频
大叔电影解说,,,5粉丝·11个视频
杰哥电影解说Y,,,5粉丝·10个视频
记事本电影解说,,,5粉丝·18个视频?影视剪辑，博览影视界，每日有更新，共梦回经典，卿有玲珑心，何妨点关注，多谢???一部剧一故事?观看影视剧发现生活的另一面
海盗电影解说,,,5粉丝·8个视频好看的国内外电影分享给大家，敬请期待！
啵啵桑电影解说,,,5粉丝·10个视频
阿程电影解说,,,5粉丝·3个视频
小孩电影解说,,,5粉丝·4个视频
狠人电影解说,,,5粉丝·8个视频金錢綁人不綁心，魅力勾心不勾人
小凯电影解说,,,5粉丝·4个视频
九夏电影解说,,,5粉丝·100个视频
夜小酱电影解说,,,5粉丝·15个视频新人影视动漫解说有喜欢的影片动漫可以告诉UP主哦如有侵权请告知谢谢大家的支持
拾玖看电影解说,,,5粉丝·47个视频感谢关注，您的支持是我最大的动力，带大家观看各种精彩电影。
南瓜头电影解说,,,5粉丝·44个视频南瓜头带你认真看每一部电影
顾北电影解说,,,5粉丝·3个视频
飞扬电影解说,,,5粉丝·39个视频电影就像一缕阳光总能照进生活里我们都活在臭水沟里但总还是有人仰望天空
小晋电影解说,,,5粉丝·16个视频无聊的我给大家推荐好看的电影
肺鱼电影解说,,,5粉丝·42个视频感谢点赞！感恩关注！关注肺鱼、解读我们的世界！专注解读：奇幻、惊悚、悬疑、灾难、电影！
阿程电影解说,,,5粉丝·3个视频
小孩电影解说,,,5粉丝·4个视频
狠人电影解说,,,5粉丝·8个视频金錢綁人不綁心，魅力勾心不勾人
小凯电影解说,,,5粉丝·4个视频
九夏电影解说,,,5粉丝·100个视频
夜小酱电影解说,,,5粉丝·15个视频新人影视动漫解说有喜欢的影片动漫可以告诉UP主哦如有侵权请告知谢谢大家的支持
拾玖看电影解说,,,5粉丝·47个视频感谢关注，您的支持是我最大的动力，带大家观看各种精彩电影。
南瓜头电影解说,,,5粉丝·44个视频南瓜头带你认真看每一部电影
顾北电影解说,,,5粉丝·3个视频
飞扬电影解说,,,5粉丝·39个视频电影就像一缕阳光总能照进生活里我们都活在臭水沟里但总还是有人仰望天空
小晋电影解说,,,5粉丝·16个视频无聊的我给大家推荐好看的电影
肺鱼电影解说,,,5粉丝·42个视频感谢点赞！感恩关注！关注肺鱼、解读我们的世界！专注解读：奇幻、惊悚、悬疑、灾难、电影！
小电影解说家,,,5粉丝·48个视频人性
漫映电影解说,,,5粉丝·4个视频认认真真画一段故事如果你有故事欢迎投稿形象IP已申请原创保护，请勿盗图
老船长电影解说,,,5粉丝·3个视频
御剑听风电影解说,,,5粉丝·9个视频
坤坤电影解说,,,5粉丝·5个视频无恶意玩梗，只是喜欢电影，希望把最好的一面带给大家，多多理解
小泽电影解说,,,5粉丝·4个视频
小美电影解说,,,5粉丝·2个视频一个只会说电影的妹子，喜欢的话点个关注喔❤️
哈密瓜电影解说,,,5粉丝·7个视频
肉丝电影解说,,,5粉丝·6个视频
米斯特周电影解说,,,5粉丝·19个视频失业前是销售管理人员现在是0基础自媒体创业者欢迎大家一起探讨学习喜欢的可以加个关注，一键三连呀！
春雷电影解说,,,5粉丝·12个视频相互学习相互交流电影剪辑感谢官方
做有姿态的电影解说,,,5粉丝·19个视频两分钟和你邂逅一场电影，我们的人生何尝不是一部电影呢？
蜂鸟电影解说,,,5粉丝·27个视频一部电影，一个故事偌有侵权，请联系！
大鹅电影解说v,,,5粉丝·5个视频用心做好每个作品如有侵权请联系删除谢谢你这么好看还关注我
小跃电影解说,,,5粉丝·27个视频
猫叔电影解说z,,,5粉丝·28个视频和你一样爱看电影
不靠谱电影解说,,,5粉丝·1个视频
铭弘电影解说,,,5粉丝·5个视频
北极星电影解说,,,5粉丝·33个视频
华哥电影解说,,,5粉丝·6个视频谢谢关注，我会继续给大家推荐好的电影
捕风电影解说,,,5粉丝·8个视频我是一个爱看电影的解说家
瞎子彪电影解说,,,5粉丝·12个视频每天分享好作品！喜欢留个关注呗！
十三电影解说,,,5粉丝·1个视频原创电影解说只为喜欢电影的你
小齐电影解说,,,5粉丝·2个视频
蜂鸟电影解说,,,5粉丝·27个视频一部电影，一个故事偌有侵权，请联系！
大鹅电影解说v,,,5粉丝·5个视频用心做好每个作品如有侵权请联系删除谢谢你这么好看还关注我
小跃电影解说,,,5粉丝·27个视频
猫叔电影解说z,,,5粉丝·28个视频和你一样爱看电影
不靠谱电影解说,,,5粉丝·1个视频
铭弘电影解说,,,5粉丝·5个视频
北极星电影解说,,,5粉丝·33个视频
华哥电影解说,,,5粉丝·6个视频谢谢关注，我会继续给大家推荐好的电影
捕风电影解说,,,5粉丝·8个视频我是一个爱看电影的解说家
瞎子彪电影解说,,,5粉丝·12个视频每天分享好作品！喜欢留个关注呗！
十三电影解说,,,5粉丝·1个视频原创电影解说只为喜欢电影的你
小齐电影解说,,,5粉丝·2个视频
七月电影解说,,,5粉丝·4个视频
局外电影解说,,,5粉丝·19个视频感性每位粉丝的关注
月影电影解说,,,5粉丝·2个视频专注精彩电影解说，关注点赞不迷路
草莓电影解说,,,5粉丝·5个视频
轻松电影解说,,,5粉丝·1个视频❤️谢谢你这么好看还关注我————————————————❤️杰伦粉丝，杰伦音乐混剪————————————————❤️持续更新中
一盏电影解说,,,5粉丝·7个视频人生是纪录片，你们是未完结
害虫电影解说,,,5粉丝·59个视频每一部电影，都是一场人生。
十号电影解说,,,5粉丝·6个视频我会把世界从头翻阅把我途径的一切读给你听
天乐电影解说,,,5粉丝·23个视频看千部影片，品百味人生
胡说电影解说,,,5粉丝·3个视频一个爱看电影的人
豆芽讲电影解说,,,5粉丝·96个视频
北眼电影解说,,,5粉丝·22个视频电影剪辑爱好者
太妹电影解说,,,"5粉丝·29个视频关注我,带你看没看过的电影?感谢官方感谢点赞❤️"
星辰电影解说,,,5粉丝·2个视频
奶油幕微电影解说,,,5粉丝·9个视频一日一更谢谢关注
小程电影解说,,,5粉丝·1个视频小程电影解说让您更快的了解一部电影
猫眼电影解说,,,5粉丝·14个视频每天为大家带一部精彩电影！
T哥电影解说,,,4粉丝·1个视频谢谢关注，努力更新
名仕电影解说,,,4粉丝·3个视频
万鑫电影解说,,,4粉丝·4个视频用心做好每一步影视作品你的肯定就是我前进的最大动力为您带来一场视觉饕餮盛宴
驴哥电影解说,,,4粉丝·11个视频
黛玉电影解说实验室,,,4粉丝·5个视频分享干货，教你如何“审美提升”以及“运镜技巧”！优质的影视可以让我进步?学校自媒体作业谢谢大家的关注
悟空电影解说,,,4粉丝·5个视频欢迎@火p+逃p玩家的观看
小花花电影解说,,,4粉丝·6个视频电影解说。必须原创
太妹电影解说,,,"5粉丝·29个视频关注我,带你看没看过的电影?感谢官方感谢点赞❤️"
星辰电影解说,,,5粉丝·2个视频
奶油幕微电影解说,,,5粉丝·9个视频一日一更谢谢关注
小程电影解说,,,5粉丝·1个视频小程电影解说让您更快的了解一部电影
猫眼电影解说,,,5粉丝·14个视频每天为大家带一部精彩电影！
T哥电影解说,,,4粉丝·1个视频谢谢关注，努力更新
名仕电影解说,,,4粉丝·3个视频
万鑫电影解说,,,4粉丝·4个视频用心做好每一步影视作品你的肯定就是我前进的最大动力为您带来一场视觉饕餮盛宴
驴哥电影解说,,,4粉丝·11个视频
黛玉电影解说实验室,,,4粉丝·5个视频分享干货，教你如何“审美提升”以及“运镜技巧”！优质的影视可以让我进步?学校自媒体作业谢谢大家的关注
悟空电影解说,,,4粉丝·5个视频欢迎@火p+逃p玩家的观看
小花花电影解说,,,4粉丝·6个视频电影解说。必须原创
剧荒电影解说,,,4粉丝·6个视频每日更新精彩电影，让无聊的你不再剧荒！
电影解说-,,,4粉丝·8个视频
盲仔电影解说,,,4粉丝·9个视频点个关注每期视频会给你带来不一样的惊喜
老夫电影解说,,,4粉丝·3个视频
小叶电影解说,,,4粉丝·1个视频
术术电影解说,,,4粉丝·95个视频
小飛电影解说,,,4粉丝·32个视频
七点电影解说,,,4粉丝·36个视频
大渔电影解说,,,4粉丝·31个视频看千部电影，品百味人生
抖哥电影解说,,,4粉丝·29个视频谢谢你关注我。
德才电影解说,,,4粉丝·7个视频
佳一电影解说,,,4粉丝·44个视频分享优质影视给大家，好的大家可以点赞评论加关注。
火牛电影解说,,,4粉丝·58个视频
大魔王电影解说,,,4粉丝·5个视频
菲妈电影解说V,,,4粉丝·51个视频爱生活~爱电影~感谢每位观看的朋友
小张电影解说,,,4粉丝·1个视频
幺妹电影解说,,,4粉丝·10个视频感谢：官方大大一部电影一个人生电影可以改变人生
二哈电影解说,,,4粉丝·69个视频
欧阳电影解说,,,4粉丝·16个视频感谢您关注我
小玉电影解说,,,4粉丝·4个视频
我是个电影解说,,,4粉丝·38个视频为您提供最新的娱乐资讯
大橘电影解说,,,4粉丝·4个视频每周分享好电影
东东剪辑电影解说,,,4粉丝·2个视频
知音电影解说,,,4粉丝·32个视频原创电影解说，视频剪辑为你挖掘触动人性的精彩影视
火牛电影解说,,,4粉丝·58个视频
大魔王电影解说,,,4粉丝·5个视频
菲妈电影解说V,,,4粉丝·51个视频爱生活~爱电影~感谢每位观看的朋友
小张电影解说,,,4粉丝·1个视频
幺妹电影解说,,,4粉丝·10个视频感谢：官方大大一部电影一个人生电影可以改变人生
二哈电影解说,,,4粉丝·69个视频
欧阳电影解说,,,4粉丝·16个视频感谢您关注我
小玉电影解说,,,4粉丝·4个视频
我是个电影解说,,,4粉丝·38个视频为您提供最新的娱乐资讯
大橘电影解说,,,4粉丝·4个视频每周分享好电影
东东剪辑电影解说,,,4粉丝·2个视频
知音电影解说,,,4粉丝·32个视频原创电影解说，视频剪辑为你挖掘触动人性的精彩影视
223电影解说室,,,4粉丝·1个视频
电影解说怎么做,,,4粉丝·3个视频感谢提供这么好的平台可以直接密cr2008555cr2008222
小北电影解说2,,,4粉丝·47个视频看电影——品百味人生
晓峰电影解说,,,4粉丝·2个视频
沐色电影解说,,,4粉丝·19个视频
旧颜电影解说,,,4粉丝·18个视频看一部电影，讲一个故事。
喵喵电影解说,,,4粉丝·23个视频看一部电影，品一段人生。
岩哥电影解说,,,4粉丝·5个视频
慕容电影解说,,,4粉丝·15个视频
点滴电影解说,,,4粉丝·9个视频解说电影，体会人生，我是点滴解说
呆熊电影解说,,,4粉丝·58个视频不定时更新一部优质解说
电影解说666,,,4粉丝·17个视频
大表哥电影解说,,,4粉丝·4个视频
make电影解说,,,4粉丝·10个视频关注我给你解说你想看的电影
西瓜电影解说,,,4粉丝·8个视频
小猪电影解说,,,4粉丝·2个视频
南波万电影解说,,,4粉丝·1个视频影视自媒体人，专做猎奇反转悬疑电影解说，感谢关注！
大宝电影解说,,,4粉丝·6个视频每天更新优质作品承蒙关照谢谢你那么好看还关注我！
圆圆电影解说,,,4粉丝·11个视频热爱生活热爱电影解说有喜欢看电影的关注一下
星仔电影解说,,,4粉丝·15个视频初学电影解说用心做好每一部原创视频
小雨侠电影解说,,,4粉丝·3个视频日常vlog电影解读保留原视频
CC电影解说,,,4粉丝·2个视频关注我，每天了解更多电影内容
惠子电影解说,,,4粉丝·1个视频
孤傲电影解说,,,4粉丝·2个视频同样的电影，不一样的解说，一部电影，一个人生感悟
大表哥电影解说,,,4粉丝·4个视频
make电影解说,,,4粉丝·10个视频关注我给你解说你想看的电影
西瓜电影解说,,,4粉丝·8个视频
小猪电影解说,,,4粉丝·2个视频
南波万电影解说,,,4粉丝·1个视频影视自媒体人，专做猎奇反转悬疑电影解说，感谢关注！
大宝电影解说,,,4粉丝·6个视频每天更新优质作品承蒙关照谢谢你那么好看还关注我！
圆圆电影解说,,,4粉丝·11个视频热爱生活热爱电影解说有喜欢看电影的关注一下
星仔电影解说,,,4粉丝·15个视频初学电影解说用心做好每一部原创视频
小雨侠电影解说,,,4粉丝·3个视频日常vlog电影解读保留原视频
CC电影解说,,,4粉丝·2个视频关注我，每天了解更多电影内容
惠子电影解说,,,4粉丝·1个视频
孤傲电影解说,,,4粉丝·2个视频同样的电影，不一样的解说，一部电影，一个人生感悟
电影解说光哥,,,4粉丝·4个视频老电影解说光哥在线
电影解说tao,,,4粉丝·2个视频专注电影，国外精品电影带你看不停
ALL电影解说,,,4粉丝·19个视频
凝凝电影解说,,,4粉丝·4个视频
夏枫电影解说,,,4粉丝·3个视频
看电影解说电影,,,4粉丝·1个视频粉丝群。。。。。。
二莽电影解说,,,4粉丝·1个视频
电影解说王涛,,,4粉丝·4个视频
蚂蚁电影解说,,,4粉丝·19个视频
阿辉电影解说_,,,4粉丝·8个视频悬疑美剧，关注不迷路。更新各种悬疑电视电影，经典美剧现在更新悬疑美剧犯罪心理。感谢各位点赞关注！
肆意电影解说,,,4粉丝·2个视频
牛牛精彩电影解说,,,4粉丝·1个视频关注我私信有更精彩的电影解说
电影解说is冷风,,,4粉丝·1个视频待人有尺善良有度心中有光身上带刺”
名电影解说,,,4粉丝·3个视频
大侠电影解说,,,4粉丝·7个视频我是一名电影解说员，坚持原创
黑粉电影解说,,,4粉丝·2个视频分享好电影，将电影的长度转变为人生的深度，品味不同人生。
春秋电影解说,,,4粉丝·2个视频时时更新电影解说，点关注不迷路！
阿耀电影解说,,,4粉丝·2个视频全民制作人大家好，我是练习时长两年半的偶像练习生，喜欢唱、跳、rap、篮球，偶尔爱剪剪视频
宇神电影解说,,,4粉丝·5个视频主推科幻/玄幻/武侠/探秘/当前热播等类型电影，欢迎三连关注。
图图电影解说,,,4粉丝·2个视频解说不一样的电影
咸虾粤语电影解说,,,4粉丝·7个视频不定时持续更新
看电影解说,,,4粉丝·1个视频
我喜欢看电影解说,,,4粉丝·19个视频
可乐电影解说,,,4粉丝·3个视频
电影解说is冷风,,,4粉丝·1个视频待人有尺善良有度心中有光身上带刺”
名电影解说,,,4粉丝·3个视频
大侠电影解说,,,4粉丝·7个视频我是一名电影解说员，坚持原创
黑粉电影解说,,,4粉丝·2个视频分享好电影，将电影的长度转变为人生的深度，品味不同人生。
春秋电影解说,,,4粉丝·2个视频时时更新电影解说，点关注不迷路！
阿耀电影解说,,,4粉丝·2个视频全民制作人大家好，我是练习时长两年半的偶像练习生，喜欢唱、跳、rap、篮球，偶尔爱剪剪视频
宇神电影解说,,,4粉丝·5个视频主推科幻/玄幻/武侠/探秘/当前热播等类型电影，欢迎三连关注。
图图电影解说,,,4粉丝·2个视频解说不一样的电影
咸虾粤语电影解说,,,4粉丝·7个视频不定时持续更新
看电影解说,,,4粉丝·1个视频
我喜欢看电影解说,,,4粉丝·19个视频
可乐电影解说,,,4粉丝·3个视频
木圭电影解说,,,3粉丝·5个视频一个努力做电影解说的up主
爱慕电影解说,,,3粉丝·44个视频
烨烨电影解说,,,3粉丝·1个视频
京门电影解说,,,3粉丝·4个视频分享优质电影解说?
无涯电影解说,,,3粉丝·1个视频
小K电影解说,,,3粉丝·1个视频
雷人电影解说,,,3粉丝·30个视频
电影解说家挽益,,,3粉丝·2个视频本人在b站唯一账号在慢脚有账号，大家可以关注一下
班长电影解说,,,3粉丝·8个视频看电影可以改变人生感谢关注
西门电影解说,,,3粉丝·60个视频专注于国外影片，感谢官方给的平台。请大家多多关照。??
三哥电影解说,,,3粉丝·1个视频希望大家的日子过得越来越好，希望国家越来越强大，希望大家多给点赞关注
Dream电影解说,,,3粉丝·8个视频”人生固短“”无你合欢“
B站电影解说员,,,3粉丝·1个视频艺术化电影解说，请多多指教
独霸电影解说,,,3粉丝·57个视频
法语电影解说频道,,,3粉丝·3个视频一个做法语电影解说的频道
小众电影解说,,,3粉丝·3个视频
电影解说讲电影,,,3粉丝·19个视频关注我每天好看的电影
海绵派电影解说,,,3粉丝·34个视频
Shee电影解说,,,3粉丝·2个视频
大山电影解说1,,,3粉丝·2个视频
精彩电影解说,,,3粉丝·22个视频
海洋电影解说,,,3粉丝·62个视频海洋说电影
一个电影解说,,,3粉丝·3个视频
小丁电影解说,,,3粉丝·81个视频
B站电影解说员,,,3粉丝·1个视频艺术化电影解说，请多多指教
独霸电影解说,,,3粉丝·57个视频
法语电影解说频道,,,3粉丝·3个视频一个做法语电影解说的频道
小众电影解说,,,3粉丝·3个视频
电影解说讲电影,,,3粉丝·19个视频关注我每天好看的电影
海绵派电影解说,,,3粉丝·34个视频
Shee电影解说,,,3粉丝·2个视频
大山电影解说1,,,3粉丝·2个视频
精彩电影解说,,,3粉丝·22个视频
海洋电影解说,,,3粉丝·62个视频海洋说电影
一个电影解说,,,3粉丝·3个视频
小丁电影解说,,,3粉丝·81个视频
阿辉电影解说,,,3粉丝·2个视频一部好电影可能改变人的一生关注阿辉解说品鉴百味人生
阡陌电影解说A,,,3粉丝·41个视频90后电影爱好者致力分享给大家????有意义的电影解说
杨氏电影解说,,,3粉丝·5个视频
AJ电影解说,,,3粉丝·44个视频AJ电影看电影品人生带你领略不一样的电影世界
大强电影解说,,,3粉丝·44个视频努力剪好每一部电影，感谢官方大大，如果侵权私信我删除，喜欢我的给我点点关注。
上虞电影解说,,,3粉丝·25个视频
经纬电影解说,,,3粉丝·6个视频努力做个优质的创作者
小幺电影解说,,,3粉丝·27个视频
大鸟电影解说,,,3粉丝·12个视频
小布丁电影解说,,,3粉丝·9个视频
空空电影解说,,,3粉丝·46个视频感谢哔哩哔哩提供的创作平台每日更新感谢关注
丫丫电影解说6U4o,,,3粉丝·51个视频
TAO电影解说,,,3粉丝·6个视频速看电影，别上瘾噢！每周更新，精彩不断
神秘电影解说,,,3粉丝·5个视频感谢官方，感谢平台，喜欢关注我啊段更新
山瑞电影解说,,,3粉丝·58个视频
假电影解说号,,,3粉丝·1个视频我是假的电影解说号，懂？
电影解说喵了个咪,,,3粉丝·7个视频不一样的解说，不一样的观感条理清晰地解说每一部作品
神迹电影解说,,,3粉丝·34个视频
赵小科电影解说,,,3粉丝·1个视频电影专业老司机推荐真正好看的影视作品
小阿震电影解说,,,3粉丝·36个视频每一部剧都有不一样的故事，感谢每一位喜欢的朋友
老马电影解说,,,3粉丝·16个视频
黑眼圈电影解说,,,3粉丝·40个视频每天讲点什么好呢~秋咪
坤哥电影解说,,,3粉丝·4个视频看电影可以改变人生
余凡电影解说,,,3粉丝·47个视频每天更新好看的电影解说视频
TAO电影解说,,,3粉丝·6个视频速看电影，别上瘾噢！每周更新，精彩不断
神秘电影解说,,,3粉丝·5个视频感谢官方，感谢平台，喜欢关注我啊段更新
山瑞电影解说,,,3粉丝·58个视频
假电影解说号,,,3粉丝·1个视频我是假的电影解说号，懂？
电影解说喵了个咪,,,3粉丝·7个视频不一样的解说，不一样的观感条理清晰地解说每一部作品
神迹电影解说,,,3粉丝·34个视频
赵小科电影解说,,,3粉丝·1个视频电影专业老司机推荐真正好看的影视作品
小阿震电影解说,,,3粉丝·36个视频每一部剧都有不一样的故事，感谢每一位喜欢的朋友
老马电影解说,,,3粉丝·16个视频
黑眼圈电影解说,,,3粉丝·40个视频每天讲点什么好呢~秋咪
坤哥电影解说,,,3粉丝·4个视频看电影可以改变人生
余凡电影解说,,,3粉丝·47个视频每天更新好看的电影解说视频
电影解说小陈,,,3粉丝·6个视频新人，希望大家多多支持。
大明白电影解说,,,3粉丝·1个视频
老王电影解说,,,3粉丝·7个视频????看电影，品人生《把想说的故事，说给想听的人听》
柒哥电影解说,,,3粉丝·4个视频看电影，认识世界与自己
孤客电影解说,,,3粉丝·3个视频观看精彩电影；享受视听盛宴孤客电影讲解；感受精彩演绎
电影解说依梦,,,3粉丝·6个视频
平安电影解说,,,3粉丝·4个视频
超凡电影解说2,,,3粉丝·52个视频优质视频剪辑用好心做好事，给朋友们呈现最佳观影体验感谢大家支持
玲珑电影解说吧,,,3粉丝·20个视频
凝痕电影解说,,,3粉丝·7个视频
小建电影解说,,,3粉丝·40个视频看精彩电影，品百味人生。原创电影解说，持续更新中，感谢您的关注与支持
洞宾电影解说,,,3粉丝·10个视频
甜甜电影解说,,,3粉丝·2个视频看一部自己喜欢的电影
南风电影解说,,,3粉丝·3个视频
三殿下电影解说,,,3粉丝·3个视频
阿阳电影解说,,,3粉丝·23个视频
猫头鹰电影解说,,,3粉丝·6个视频
电影解说k,,,3粉丝·1个视频
飞聊电影解说,,,3粉丝·27个视频一部电影，一场人生
七天电影解说,,,3粉丝·1个视频
小明电影解说,,,3粉丝·49个视频
优兔电影解说,,,3粉丝·15个视频
大嘴电影解说,,,3粉丝·12个视频沉迷剪辑日渐消瘦走过路过点个关注
子默电影解说,,,3粉丝·6个视频看子默电影、品百味人生短短几分钟为大家分享一部精彩影视每个作品都需要在背后默默的创作我是子默、喜欢就点赞关注吧！！！
甜甜电影解说,,,3粉丝·2个视频看一部自己喜欢的电影
南风电影解说,,,3粉丝·3个视频
三殿下电影解说,,,3粉丝·3个视频
阿阳电影解说,,,3粉丝·23个视频
猫头鹰电影解说,,,3粉丝·6个视频
电影解说k,,,3粉丝·1个视频
飞聊电影解说,,,3粉丝·27个视频一部电影，一场人生
七天电影解说,,,3粉丝·1个视频
小明电影解说,,,3粉丝·49个视频
优兔电影解说,,,3粉丝·15个视频
大嘴电影解说,,,3粉丝·12个视频沉迷剪辑日渐消瘦走过路过点个关注
子默电影解说,,,3粉丝·6个视频看子默电影、品百味人生短短几分钟为大家分享一部精彩影视每个作品都需要在背后默默的创作我是子默、喜欢就点赞关注吧！！！
呼噜电影解说,,,3粉丝·19个视频分享各种精彩电影，感谢大家关注
浩浩电影解说,,,3粉丝·1个视频
七夜电影解说,,,3粉丝·2个视频
黄毛电影解说,,,3粉丝·6个视频好电影给人带来好心情感谢大家的观看和支持
电影解说哥呀,,,3粉丝·33个视频每天更新，感谢关注
电影解说鹏哥,,,3粉丝·1个视频
阿雷电影解说,,,3粉丝·1个视频每一个故事都值得拥有，电影让我们看到更美好的世界，
小迈电影解说,,,3粉丝·3个视频片源＋v:fdx2187778462
白小白电影解说,,,3粉丝·5个视频
木瓜电影解说,,,3粉丝·1个视频
灵溪电影解说,,,3粉丝·4个视频一部好电影可以让我们开心一整天；一部好电影也许能改变我们的人生；正能量，励志，文艺，沁人心脾…电影解说。欢迎关注????
小二电影解说,,,3粉丝·8个视频观千部电影，品百般人生
地瓜电影解说,,,3粉丝·3个视频
奕铭电影解说,,,3粉丝·2个视频只要方向是对的，无论绕多大弯路都没关系
小三电影解说,,,3粉丝·1个视频????感谢官方✨感谢关注粑粑✨感谢影迷????✨小可爱萌、点个关注再走呗～????✨每天为你们更新好看有趣的影视剧????
我是一个电影解说,,,3粉丝·31个视频一个不正经的影视解说
叶子电影解说,,,3粉丝·5个视频每天传递正能量
悠悠电影解说,,,3粉丝·3个视频爱好：灵魂创作职业：灵魂画手特长：灵魂出窍
NONO电影解说,,,3粉丝·4个视频
七星电影解说,,,3粉丝·2个视频感谢关注，每天分享好电影欢迎剪辑交流#601868757
杨扬电影解说,,,3粉丝·8个视频
流连电影解说,,,3粉丝·8个视频✨每部电影都是一个故事?✨再好的解说也代替不了原片?✨跟我一起感受电影带给我们的喜怒哀乐吧?✨希望你们会喜欢(●ˇ∀ˇ●)
亚当电影解说,,,3粉丝·2个视频
西风电影解说,,,3粉丝·11个视频业余视频剪辑
地瓜电影解说,,,3粉丝·3个视频
奕铭电影解说,,,3粉丝·2个视频只要方向是对的，无论绕多大弯路都没关系
小三电影解说,,,3粉丝·1个视频????感谢官方✨感谢关注粑粑✨感谢影迷????✨小可爱萌、点个关注再走呗～????✨每天为你们更新好看有趣的影视剧????
我是一个电影解说,,,3粉丝·31个视频一个不正经的影视解说
叶子电影解说,,,3粉丝·5个视频每天传递正能量
悠悠电影解说,,,3粉丝·3个视频爱好：灵魂创作职业：灵魂画手特长：灵魂出窍
NONO电影解说,,,3粉丝·4个视频
七星电影解说,,,3粉丝·2个视频感谢关注，每天分享好电影欢迎剪辑交流#601868757
杨扬电影解说,,,3粉丝·8个视频
流连电影解说,,,3粉丝·8个视频✨每部电影都是一个故事?✨再好的解说也代替不了原片?✨跟我一起感受电影带给我们的喜怒哀乐吧?✨希望你们会喜欢(●ˇ∀ˇ●)
亚当电影解说,,,3粉丝·2个视频
西风电影解说,,,3粉丝·11个视频业余视频剪辑
大钮电影解说,,,3粉丝·9个视频
小燚的电影解说,,,3粉丝·1个视频
大兴电影解说,,,3粉丝·2个视频
电影解说馆,,,3粉丝·2个视频电影完整版微信公众号–“电影解说馆”
明月电影解说,,,3粉丝·5个视频看好看的玩好玩的开心第一
电音风格电影解说,,,3粉丝·14个视频
电影解说员罗丝钉,,,3粉丝·1个视频
L电影解说,,,3粉丝·20个视频静夜悲戚与共
深度电影解说,,,3粉丝·2个视频陷入电影，深度着迷
胖功夫电影解说,,,3粉丝·20个视频分享电影，自己解说剪辑
Kk电影解说,,,2粉丝·15个视频假如人生处处都像电影戏如人生人生如戏商务zxf9999900
逗比电影解说,,,2粉丝·15个视频嘿，这里是逗比电影解说！我们以独特的逗趣风格带你畅游电影世界。摒弃枯燥，用幽默诙谐的话语拆解每一部影片，无论是紧张刺激的大片，还是温馨感
董鸽电影解说,,,2粉丝·1个视频点个免费的三连呗，谢谢
电影解说111,,,2粉丝·3个视频
阿三电影解说,,,2粉丝·4个视频美女荒野
林探长电影解说,,,2粉丝·3个视频我叫林探长，是个爱看电影的小男孩
小赵电影解说bibi,,,2粉丝·7个视频电影解说不定时更新
电影解说小王子,,,2粉丝·1个视频
小玖电影解说,,,2粉丝·1个视频
青木电影解说,,,2粉丝·1个视频
泽北电影解说,,,2粉丝·2个视频每天更新感谢关注❤️
探长丶电影解说,,,2粉丝·3个视频创作不易，感想大家喜欢~
蓝光电影解说,,,2粉丝·85个视频
眼镜哥电影解说,,,2粉丝·83个视频
董鸽电影解说,,,2粉丝·1个视频点个免费的三连呗，谢谢
电影解说111,,,2粉丝·3个视频
阿三电影解说,,,2粉丝·4个视频美女荒野
林探长电影解说,,,2粉丝·3个视频我叫林探长，是个爱看电影的小男孩
小赵电影解说bibi,,,2粉丝·7个视频电影解说不定时更新
电影解说小王子,,,2粉丝·1个视频
小玖电影解说,,,2粉丝·1个视频
青木电影解说,,,2粉丝·1个视频
泽北电影解说,,,2粉丝·2个视频每天更新感谢关注❤️
探长丶电影解说,,,2粉丝·3个视频创作不易，感想大家喜欢~
蓝光电影解说,,,2粉丝·85个视频
眼镜哥电影解说,,,2粉丝·83个视频
电影解说小王,,,2粉丝·1个视频？
随风电影解说,,,"2粉丝·2个视频""每一帧都是导演的密码，我来破译。”"
电影解说啊龙,,,2粉丝·12个视频
小曦电影解说,,,2粉丝·2个视频感谢大家的支持
顺子电影解说,,,2粉丝·1个视频
章鱼哥电影解说,,,2粉丝·1个视频
蝈蝈电影解说,,,2粉丝·93个视频
old汉电影解说,,,2粉丝·41个视频
安霖电影解说,,,2粉丝·8个视频用心体会每一个作品让你沉浸在其中原创解说感谢大家关注与喜欢
瞎裁胡剪电影解说,,,2粉丝·34个视频你终于发现我了，愿这几部电影温暖你的心
红旗电影解说,,,2粉丝·1个视频制作不易，请点点关注和爱心支持一下每天为你们带来精彩的电影与故事希望观众老爷们能看我视频天天开心
林小姐电影解说,,,2粉丝·1个视频
梓涵de电影解说,,,2粉丝·37个视频
憨憨电影解说,,,2粉丝·7个视频带你了解更多的精彩电影，了解更多种人生赢家
JJ电影解说,,,2粉丝·1个视频科幻/动作/励志/温情/恐怖/悬疑每天好剧不停更总有一部适合你
小飞侠电影解说,,,2粉丝·11个视频一个热爱看电影的解说家
电影解说小脏,,,2粉丝·2个视频喜欢看电影的的小白，带你品味电影你会喜欢吗
至尊宝电影解说,,,2粉丝·26个视频看高分电影，评百味人生，感谢赶住与支持
木木电影解说,,,2粉丝·1个视频萌新小小解说一枚努力学习更新中出来咋地多多关注感谢大家观看点评
星夜电影解说,,,2粉丝·1个视频不虚度光阴不辜负时光做最好的自己谢谢你的关注
布丁电影解说,,,2粉丝·16个视频喜欢我的作品的粉丝点赞加关注，我会发布更多作品和解说，每天会不断更新
bili_可乐电影解说,,,2粉丝·4个视频
小边电影解说,,,2粉丝·1个视频
晴哥电影解说员,,,2粉丝·4个视频喜欢电影剪辑，有同爱好的加关系一起玩耍喔
梓涵de电影解说,,,2粉丝·37个视频
憨憨电影解说,,,2粉丝·7个视频带你了解更多的精彩电影，了解更多种人生赢家
JJ电影解说,,,2粉丝·1个视频科幻/动作/励志/温情/恐怖/悬疑每天好剧不停更总有一部适合你
小飞侠电影解说,,,2粉丝·11个视频一个热爱看电影的解说家
电影解说小脏,,,2粉丝·2个视频喜欢看电影的的小白，带你品味电影你会喜欢吗
至尊宝电影解说,,,2粉丝·26个视频看高分电影，评百味人生，感谢赶住与支持
木木电影解说,,,2粉丝·1个视频萌新小小解说一枚努力学习更新中出来咋地多多关注感谢大家观看点评
星夜电影解说,,,2粉丝·1个视频不虚度光阴不辜负时光做最好的自己谢谢你的关注
布丁电影解说,,,2粉丝·16个视频喜欢我的作品的粉丝点赞加关注，我会发布更多作品和解说，每天会不断更新
bili_可乐电影解说,,,2粉丝·4个视频
小边电影解说,,,2粉丝·1个视频
晴哥电影解说员,,,2粉丝·4个视频喜欢电影剪辑，有同爱好的加关系一起玩耍喔
闯哥电影解说呀,,,2粉丝·97个视频
v字电影解说,,,2粉丝·4个视频
一剪梅电影解说,,,2粉丝·36个视频
狗熊电影解说,,,2粉丝·66个视频只做优质电影解说✨感谢大家的关注✨感谢各位对我的支持✨说的不好还往多多指教✨
张叔电影解说,,,2粉丝·42个视频专注于精彩电影解说，讲述电影内外的精彩故事，真正的电影爱好者的聚集地
苗子电影解说,,,2粉丝·32个视频一个讲电影的人一部电影.一段人生duan
野猫电影解说-,,,2粉丝·25个视频看百部电影！！！品百味人生！
小雅电影解说,,,2粉丝·7个视频点赞评论转发
欧小妹电影解说,,,2粉丝·1个视频大家好，我是欧阳，新手小白原创电影剪辑配音，唯一账号「欧小妹电影解说」感谢大家观看关注。
DC电影解说,,,2粉丝·3个视频
西西电影解说,,,2粉丝·6个视频
百味电影解说放映厅,,,2粉丝·1个视频
现Gg电影解说,,,2粉丝·20个视频每天更新搞笑视频
鱼乐电影解说,,,2粉丝·7个视频
船长电影解说88,,,2粉丝·1个视频
做个俗人电影解说,,,2粉丝·7个视频
阿猫电影解说,,,2粉丝·3个视频
岗岗电影解说,,,2粉丝·13个视频
小狐电影解说,,,2粉丝·10个视频分享精彩好剧，一起追剧！
阿敏电影解说,,,2粉丝·1个视频一个专注于电影解说的UP主！
小糖电影解说,,,2粉丝·4个视频
黑天电影解说,,,2粉丝·10个视频H8M2W0I3
大梨电影解说,,,2粉丝·3个视频
半斤电影解说,,,2粉丝·1个视频
现Gg电影解说,,,2粉丝·20个视频每天更新搞笑视频
鱼乐电影解说,,,2粉丝·7个视频
船长电影解说88,,,2粉丝·1个视频
做个俗人电影解说,,,2粉丝·7个视频
阿猫电影解说,,,2粉丝·3个视频
岗岗电影解说,,,2粉丝·13个视频
小狐电影解说,,,2粉丝·10个视频分享精彩好剧，一起追剧！
阿敏电影解说,,,2粉丝·1个视频一个专注于电影解说的UP主！
小糖电影解说,,,2粉丝·4个视频
黑天电影解说,,,2粉丝·10个视频H8M2W0I3
大梨电影解说,,,2粉丝·3个视频
半斤电影解说,,,2粉丝·1个视频
青蛙电影解说,,,2粉丝·2个视频
狼哥电影解说,,,2粉丝·33个视频电影是所有人下饭解压最好的精神食粮，电影是看着别人的人生，享受着别人的经历，给我们的是回味！感谢大家的支持，谢谢
优美电影解说,,,2粉丝·4个视频
老张电影解说,,,2粉丝·19个视频
